<?xml version="1.0" encoding="utf-8"?>
<annotations>
  <version>1.1</version>
  <meta>
    <job>
      <id>1290885</id>
      <size>79</size>
      <mode>annotation</mode>
      <overlap>0</overlap>
      <bugtracker></bugtracker>
      <created>2024-10-07 06:44:34.643917+00:00</created>
      <updated>2024-10-07 07:04:50.442549+00:00</updated>
      <subset>default</subset>
      <start_frame>0</start_frame>
      <stop_frame>78</stop_frame>
      <frame_filter></frame_filter>
      <segments>
        <segment>
          <id>1293277</id>
          <start>0</start>
          <stop>78</stop>
          <url>https://app.cvat.ai/api/jobs/1290885</url>
        </segment>
      </segments>
      <owner>
        <username>03322</username>
        <email>kanda070711@gmail.com</email>
      </owner>
      <assignee></assignee>
      <labels>
        <label>
          <name>갈색 고양이</name>
          <color>#ff6037</color>
          <type>any</type>
          <attributes>
            <attribute>
              <name>color</name>
              <mutable>False</mutable>
              <input_type>select</input_type>
              <default_value>Brown</default_value>
              <values>Brown</values>
            </attribute>
            <attribute>
              <name>Shape</name>
              <mutable>False</mutable>
              <input_type>select</input_type>
              <default_value>Stand</default_value>
              <values>Stand
Sit
Lie</values>
            </attribute>
          </attributes>
        </label>
      </labels>
    </job>
    <dumped>2024-10-07 07:05:09.490655+00:00</dumped>
  </meta>
  <image id="0" name="Br_so_0001.png" width="640" height="640">
    <box label="갈색 고양이" source="manual" occluded="0" xtl="13.43" ytl="180.73" xbr="522.06" ybr="438.97" z_order="0">
      <attribute name="color">Brown</attribute>
      <attribute name="Shape">Sit</attribute>
    </box>
  </image>
  <image id="1" name="Br_so_0002.png" width="640" height="640">
    <box label="갈색 고양이" source="manual" occluded="0" xtl="261.57" ytl="135.82" xbr="350.27" ybr="509.71" z_order="0">
      <attribute name="color">Brown</attribute>
      <attribute name="Shape">Stand</attribute>
    </box>
  </image>
  <image id="2" name="Br_so_0003.png" width="640" height="640">
    <box label="갈색 고양이" source="manual" occluded="0" xtl="20.17" ytl="168.38" xbr="480.52" ybr="423.26" z_order="0">
      <attribute name="color">Brown</attribute>
      <attribute name="Shape">Lie</attribute>
    </box>
  </image>
  <image id="3" name="Br_so_0004.png" width="640" height="640">
    <box label="갈색 고양이" source="manual" occluded="0" xtl="95.40" ytl="108.87" xbr="541.15" ybr="538.90" z_order="0">
      <attribute name="color">Brown</attribute>
      <attribute name="Shape">Sit</attribute>
    </box>
  </image>
  <image id="4" name="Br_so_0005.png" width="640" height="640">
    <box label="갈색 고양이" source="manual" occluded="0" xtl="40.38" ytl="198.69" xbr="573.71" ybr="479.40" z_order="0">
      <attribute name="color">Brown</attribute>
      <attribute name="Shape">Sit</attribute>
    </box>
  </image>
  <image id="5" name="Br_so_0006.png" width="640" height="640">
    <box label="갈색 고양이" source="manual" occluded="0" xtl="230.13" ytl="232.38" xbr="427.75" ybr="387.33" z_order="0">
      <attribute name="color">Brown</attribute>
      <attribute name="Shape">Sit</attribute>
    </box>
  </image>
  <image id="6" name="Br_so_0007.png" width="640" height="640">
    <box label="갈색 고양이" source="manual" occluded="0" xtl="124.59" ytl="85.29" xbr="562.48" ybr="525.43" z_order="0">
      <attribute name="color">Brown</attribute>
      <attribute name="Shape">Lie</attribute>
    </box>
  </image>
  <image id="7" name="Br_so_0008.png" width="640" height="640">
    <box label="갈색 고양이" source="manual" occluded="0" xtl="116.73" ytl="123.47" xbr="531.05" ybr="513.08" z_order="0">
      <attribute name="color">Brown</attribute>
      <attribute name="Shape">Lie</attribute>
    </box>
  </image>
  <image id="8" name="Br_so_0009.png" width="640" height="640">
    <box label="갈색 고양이" source="manual" occluded="0" xtl="138.06" ytl="175.12" xbr="490.62" ybr="478.27" z_order="0">
      <attribute name="color">Brown</attribute>
      <attribute name="Shape">Sit</attribute>
    </box>
  </image>
  <image id="9" name="Br_so_0010.png" width="640" height="640">
    <box label="갈색 고양이" source="manual" occluded="0" xtl="184.10" ytl="235.75" xbr="459.19" ybr="333.43" z_order="0">
      <attribute name="color">Brown</attribute>
      <attribute name="Shape">Lie</attribute>
    </box>
  </image>
  <image id="10" name="Br_so_0011.png" width="640" height="640">
    <box label="갈색 고양이" source="manual" occluded="0" xtl="102.13" ytl="212.17" xbr="443.47" ybr="419.89" z_order="0">
      <attribute name="color">Brown</attribute>
      <attribute name="Shape">Stand</attribute>
    </box>
  </image>
  <image id="11" name="Br_so_0012.png" width="640" height="640">
    <box label="갈색 고양이" source="manual" occluded="0" xtl="153.78" ytl="249.22" xbr="471.54" ybr="360.38" z_order="0">
      <attribute name="color">Brown</attribute>
      <attribute name="Shape">Lie</attribute>
    </box>
  </image>
  <image id="12" name="Br_so_0013.png" width="640" height="640">
    <box label="갈색 고양이" source="manual" occluded="0" xtl="200.94" ytl="187.47" xbr="451.33" ybr="458.06" z_order="0">
      <attribute name="color">Brown</attribute>
      <attribute name="Shape">Sit</attribute>
    </box>
  </image>
  <image id="13" name="Br_so_0014.png" width="640" height="640">
    <box label="갈색 고양이" source="manual" occluded="0" xtl="189.71" ytl="268.30" xbr="412.03" ybr="431.12" z_order="0">
      <attribute name="color">Brown</attribute>
      <attribute name="Shape">Stand</attribute>
    </box>
  </image>
  <image id="14" name="Br_so_0015.png" width="640" height="640">
    <box label="갈색 고양이" source="manual" occluded="0" xtl="106.62" ytl="140.31" xbr="458.06" ybr="486.13" z_order="0">
      <attribute name="color">Brown</attribute>
      <attribute name="Shape">Stand</attribute>
    </box>
  </image>
  <image id="15" name="Br_so_0016.png" width="640" height="640">
    <box label="갈색 고양이" source="manual" occluded="0" xtl="257.08" ytl="196.45" xbr="373.85" ybr="427.75" z_order="0">
      <attribute name="color">Brown</attribute>
      <attribute name="Shape">Stand</attribute>
    </box>
  </image>
  <image id="16" name="Br_so_0017.png" width="640" height="640">
    <box label="갈색 고양이" source="manual" occluded="0" xtl="145.92" ytl="217.78" xbr="432.24" ybr="415.40" z_order="0">
      <attribute name="color">Brown</attribute>
      <attribute name="Shape">Sit</attribute>
    </box>
  </image>
  <image id="17" name="Br_so_0018.png" width="640" height="640">
    <box label="갈색 고양이" source="manual" occluded="0" xtl="167.26" ytl="171.75" xbr="493.99" ybr="425.50" z_order="0">
      <attribute name="color">Brown</attribute>
      <attribute name="Shape">Sit</attribute>
    </box>
  </image>
  <image id="18" name="Br_so_0019.png" width="640" height="640">
    <box label="갈색 고양이" source="manual" occluded="0" xtl="162.76" ytl="230.13" xbr="495.12" ybr="504.10" z_order="0">
      <attribute name="color">Brown</attribute>
      <attribute name="Shape">Lie</attribute>
    </box>
  </image>
  <image id="19" name="Br_so_0020.png" width="640" height="640">
    <box label="갈색 고양이" source="manual" occluded="0" xtl="93.20" ytl="83.04" xbr="550.13" ybr="562.48" z_order="0">
      <attribute name="color">Brown</attribute>
      <attribute name="Shape">Stand</attribute>
    </box>
  </image>
  <image id="20" name="Br_so_0021.png" width="640" height="640">
    <box label="갈색 고양이" source="manual" occluded="0" xtl="200.94" ytl="117.85" xbr="474.90" ybr="550.13" z_order="0">
      <attribute name="color">Brown</attribute>
      <attribute name="Shape">Stand</attribute>
    </box>
  </image>
  <image id="21" name="Br_so_0022.png" width="640" height="640">
    <box label="갈색 고양이" source="manual" occluded="0" xtl="166.13" ytl="186.34" xbr="476.03" ybr="506.30" z_order="0">
      <attribute name="color">Brown</attribute>
      <attribute name="Shape">Lie</attribute>
    </box>
  </image>
  <image id="22" name="Br_so_0023.png" width="640" height="640">
    <box label="갈색 고양이" source="manual" occluded="0" xtl="128.85" ytl="267.49" xbr="515.59" ybr="404.72" z_order="0">
      <attribute name="color">Brown</attribute>
      <attribute name="Shape">Lie</attribute>
    </box>
  </image>
  <image id="23" name="Br_so_0024.png" width="640" height="640">
    <box label="갈색 고양이" source="manual" occluded="0" xtl="212.28" ytl="177.82" xbr="436.84" ybr="467.10" z_order="0">
      <attribute name="color">Brown</attribute>
      <attribute name="Shape">Sit</attribute>
    </box>
  </image>
  <image id="24" name="Br_so_0025.png" width="640" height="640">
    <box label="갈색 고양이" source="manual" occluded="0" xtl="153.02" ytl="211.34" xbr="494.54" ybr="445.26" z_order="0">
      <attribute name="color">Brown</attribute>
      <attribute name="Shape">Sit</attribute>
    </box>
  </image>
  <image id="25" name="Br_so_0026.png" width="640" height="640">
    <box label="갈색 고양이" source="manual" occluded="0" xtl="180.31" ytl="173.14" xbr="497.66" ybr="460.08" z_order="0">
      <attribute name="color">Brown</attribute>
      <attribute name="Shape">Lie</attribute>
    </box>
  </image>
  <image id="26" name="Br_so_0027.png" width="640" height="640">
    <box label="갈색 고양이" source="manual" occluded="0" xtl="183.43" ytl="226.94" xbr="461.79" ybr="423.35" z_order="0">
      <attribute name="color">Brown</attribute>
      <attribute name="Shape">Lie</attribute>
    </box>
  </image>
  <image id="27" name="Br_so_0028.png" width="640" height="640">
    <box label="갈색 고양이" source="manual" occluded="0" xtl="174.07" ytl="148.97" xbr="486.74" ybr="508.34" z_order="0">
      <attribute name="color">Brown</attribute>
      <attribute name="Shape">Sit</attribute>
    </box>
  </image>
  <image id="29" name="Br_so_0030.png" width="640" height="640">
    <box label="갈색 고양이" source="manual" occluded="0" xtl="179.53" ytl="217.58" xbr="461.79" ybr="417.89" z_order="0">
      <attribute name="color">Brown</attribute>
      <attribute name="Shape">Lie</attribute>
    </box>
  </image>
  <image id="30" name="Br_so_0031.png" width="640" height="640">
    <box label="갈색 고양이" source="manual" occluded="0" xtl="165.50" ytl="175.48" xbr="480.51" ybr="460.86" z_order="0">
      <attribute name="color">Brown</attribute>
      <attribute name="Shape">Sit</attribute>
    </box>
  </image>
  <image id="31" name="Br_so_0032.png" width="640" height="640">
    <box label="갈색 고양이" source="manual" occluded="0" xtl="166.43" ytl="74.74" xbr="521.99" ybr="528.54" z_order="0">
      <attribute name="color">Brown</attribute>
      <attribute name="Shape">Stand</attribute>
    </box>
  </image>
  <image id="32" name="Br_so_0033.png" width="640" height="640">
    <box label="갈색 고양이" source="manual" occluded="0" xtl="206.20" ytl="107.11" xbr="536.49" ybr="509.45" z_order="0">
      <attribute name="color">Brown</attribute>
      <attribute name="Shape">Sit</attribute>
    </box>
  </image>
  <image id="34" name="Br_so_0035.png" width="640" height="640">
    <box label="갈색 고양이" source="manual" occluded="0" xtl="108.89" ytl="132.37" xbr="458.80" ybr="523.49" z_order="0">
      <attribute name="color">Brown</attribute>
      <attribute name="Shape">Sit</attribute>
    </box>
  </image>
  <image id="35" name="Br_so_0036.png" width="640" height="640">
    <box label="갈색 고양이" source="manual" occluded="0" xtl="156.79" ytl="1.71" xbr="493.63" ybr="637.67" z_order="0">
      <attribute name="color">Brown</attribute>
      <attribute name="Shape">Sit</attribute>
    </box>
  </image>
  <image id="36" name="Br_so_0037.png" width="640" height="640">
    <box label="갈색 고양이" source="manual" occluded="0" xtl="176.78" ytl="209.13" xbr="426.76" ybr="415.34" z_order="0">
      <attribute name="color">Brown</attribute>
      <attribute name="Shape">Sit</attribute>
    </box>
  </image>
  <image id="37" name="Br_so_0038.png" width="640" height="640">
    <box label="갈색 고양이" source="manual" occluded="0" xtl="163.69" ytl="228.98" xbr="481.81" ybr="423.92" z_order="0">
      <attribute name="color">Brown</attribute>
      <attribute name="Shape">Lie</attribute>
    </box>
  </image>
  <image id="38" name="Br_so_0039.png" width="640" height="640">
    <box label="갈색 고양이" source="manual" occluded="0" xtl="196.18" ytl="234.40" xbr="409.16" ybr="427.53" z_order="0">
      <attribute name="color">Brown</attribute>
      <attribute name="Shape">Stand</attribute>
    </box>
  </image>
  <image id="39" name="Br_so_0040.png" width="640" height="640">
    <box label="갈색 고양이" source="manual" occluded="0" xtl="205.66" ytl="237.56" xbr="455.19" ybr="410.83" z_order="0">
      <attribute name="color">Brown</attribute>
      <attribute name="Shape">Lie</attribute>
    </box>
  </image>
  <image id="40" name="Br_so_0041.png" width="640" height="640">
    <box label="갈색 고양이" source="manual" occluded="0" xtl="226.41" ytl="204.17" xbr="413.67" ybr="452.60" z_order="0">
      <attribute name="color">Brown</attribute>
      <attribute name="Shape">Stand</attribute>
    </box>
  </image>
  <image id="41" name="Br_so_0042.png" width="640" height="640">
    <box label="갈색 고양이" source="manual" occluded="0" xtl="197.94" ytl="230.92" xbr="449.19" ybr="431.80" z_order="0">
      <attribute name="color">Brown</attribute>
      <attribute name="Shape">Stand</attribute>
    </box>
  </image>
  <image id="42" name="Br_so_0043.png" width="640" height="640">
    <box label="갈색 고양이" source="manual" occluded="0" xtl="201.73" ytl="232.10" xbr="410.20" ybr="392.82" z_order="0">
      <attribute name="color">Brown</attribute>
      <attribute name="Shape">Lie</attribute>
    </box>
  </image>
  <image id="43" name="Br_so_0044.png" width="640" height="640">
    <box label="갈색 고양이" source="manual" occluded="0" xtl="244.45" ytl="172.33" xbr="398.23" ybr="469.60" z_order="0">
      <attribute name="color">Brown</attribute>
      <attribute name="Shape">Stand</attribute>
    </box>
  </image>
  <image id="44" name="Br_so_0045.png" width="640" height="640">
    <box label="갈색 고양이" source="manual" occluded="0" xtl="227.67" ytl="168.54" xbr="430.72" ybr="472.85" z_order="0">
      <attribute name="color">Brown</attribute>
      <attribute name="Shape">Sit</attribute>
    </box>
  </image>
  <image id="45" name="Br_so_0046.png" width="640" height="640">
    <box label="갈색 고양이" source="manual" occluded="0" xtl="249.56" ytl="214.22" xbr="401.61" ybr="424.74" z_order="0">
      <attribute name="color">Brown</attribute>
      <attribute name="Shape">Stand</attribute>
    </box>
  </image>
  <image id="46" name="Br_so_0047.png" width="640" height="640">
    <box label="갈색 고양이" source="manual" occluded="0" xtl="212.46" ytl="208.37" xbr="439.95" ybr="427.41" z_order="0">
      <attribute name="color">Brown</attribute>
      <attribute name="Shape">Stand</attribute>
    </box>
  </image>
  <image id="47" name="Br_so_0048.png" width="640" height="640">
    <box label="갈색 고양이" source="manual" occluded="0" xtl="241.12" ytl="213.57" xbr="455.54" ybr="431.89" z_order="0">
      <attribute name="color">Brown</attribute>
      <attribute name="Shape">Sit</attribute>
    </box>
  </image>
  <image id="48" name="Br_so_0049.png" width="640" height="640">
    <box label="갈색 고양이" source="manual" occluded="0" xtl="231.31" ytl="144.76" xbr="399.73" ybr="480.04" z_order="0">
      <attribute name="color">Brown</attribute>
      <attribute name="Shape">Stand</attribute>
    </box>
  </image>
  <image id="49" name="Br_so_0050.png" width="640" height="640">
    <box label="갈색 고양이" source="manual" occluded="0" xtl="198.87" ytl="218.21" xbr="433.57" ybr="424.05" z_order="0">
      <attribute name="color">Brown</attribute>
      <attribute name="Shape">Lie</attribute>
    </box>
  </image>
  <image id="50" name="Br_so_0051.png" width="640" height="640">
    <box label="갈색 고양이" source="manual" occluded="0" xtl="214.46" ytl="201.83" xbr="432.01" ybr="444.33" z_order="0">
      <attribute name="color">Brown</attribute>
      <attribute name="Shape">Sit</attribute>
    </box>
  </image>
  <image id="51" name="Br_so_0052.png" width="640" height="640">
    <box label="갈색 고양이" source="manual" occluded="0" xtl="245.65" ytl="171.42" xbr="383.66" ybr="482.53" z_order="0">
      <attribute name="color">Brown</attribute>
      <attribute name="Shape">Stand</attribute>
    </box>
  </image>
  <image id="52" name="Br_so_0053.png" width="640" height="640">
    <box label="갈색 고양이" source="manual" occluded="0" xtl="219.14" ytl="123.86" xbr="403.94" ybr="526.20" z_order="0">
      <attribute name="color">Brown</attribute>
      <attribute name="Shape">Sit</attribute>
    </box>
  </image>
  <image id="53" name="Br_so_0054.png" width="640" height="640">
    <box label="갈색 고양이" source="manual" occluded="0" xtl="204.33" ytl="211.97" xbr="432.01" ybr="419.38" z_order="0">
      <attribute name="color">Brown</attribute>
      <attribute name="Shape">Lie</attribute>
    </box>
  </image>
  <image id="54" name="Br_so_0055.png" width="640" height="640">
    <box label="갈색 고양이" source="manual" occluded="0" xtl="203.63" ytl="222.58" xbr="468.41" ybr="432.67" z_order="0">
      <attribute name="color">Brown</attribute>
      <attribute name="Shape">Lie</attribute>
    </box>
  </image>
  <image id="55" name="Br_so_0056.png" width="640" height="640">
    <box label="갈색 고양이" source="manual" occluded="0" xtl="234.17" ytl="239.25" xbr="447.51" ybr="431.48" z_order="0">
      <attribute name="color">Brown</attribute>
      <attribute name="Shape">Lie</attribute>
    </box>
  </image>
  <image id="56" name="Br_so_0057.png" width="640" height="640">
    <box label="갈색 고양이" source="manual" occluded="0" xtl="253.66" ytl="207.85" xbr="432.35" ybr="431.48" z_order="0">
      <attribute name="color">Brown</attribute>
      <attribute name="Shape">Sit</attribute>
    </box>
  </image>
  <image id="57" name="Br_so_0058.png" width="640" height="640">
    <box label="갈색 고양이" source="manual" occluded="0" xtl="213.59" ytl="255.50" xbr="459.42" ybr="432.02" z_order="0">
      <attribute name="color">Brown</attribute>
      <attribute name="Shape">Sit</attribute>
    </box>
  </image>
  <image id="58" name="Br_so_0059.png" width="640" height="640">
    <box label="갈색 고양이" source="manual" occluded="0" xtl="177.31" ytl="218.14" xbr="459.96" ybr="432.56" z_order="0">
      <attribute name="color">Brown</attribute>
      <attribute name="Shape">Lie</attribute>
    </box>
  </image>
  <image id="59" name="Br_so_0060.png" width="640" height="640">
    <box label="갈색 고양이" source="manual" occluded="0" xtl="189.76" ytl="223.01" xbr="429.10" ybr="429.85" z_order="0">
      <attribute name="color">Brown</attribute>
      <attribute name="Shape">Lie</attribute>
    </box>
  </image>
  <image id="60" name="Br_so_0061.png" width="640" height="640">
    <box label="갈색 고양이" source="manual" occluded="0" xtl="203.30" ytl="217.60" xbr="438.30" ybr="424.44" z_order="0">
      <attribute name="color">Brown</attribute>
      <attribute name="Shape">Sit</attribute>
    </box>
  </image>
  <image id="61" name="Br_so_0062.png" width="640" height="640">
    <box label="갈색 고양이" source="manual" occluded="0" xtl="253.12" ytl="215.43" xbr="413.94" ybr="426.06" z_order="0">
      <attribute name="color">Brown</attribute>
      <attribute name="Shape">Sit</attribute>
    </box>
  </image>
  <image id="62" name="Br_so_0063.png" width="640" height="640">
    <box label="갈색 고양이" source="manual" occluded="0" xtl="229.83" ytl="210.56" xbr="427.47" ybr="446.97" z_order="0">
      <attribute name="color">Brown</attribute>
      <attribute name="Shape">Sit</attribute>
    </box>
  </image>
  <image id="63" name="Br_so_0064.png" width="640" height="640">
    <box label="갈색 고양이" source="manual" occluded="0" xtl="219.55" ytl="170.81" xbr="431.15" ybr="467.97" z_order="0">
      <attribute name="color">Brown</attribute>
      <attribute name="Shape">Sit</attribute>
    </box>
  </image>
  <image id="64" name="Br_so_0065.png" width="640" height="640">
    <box label="갈색 고양이" source="manual" occluded="0" xtl="220.00" ytl="178.15" xbr="425.98" ybr="458.21" z_order="0">
      <attribute name="color">Brown</attribute>
      <attribute name="Shape">Sit</attribute>
    </box>
  </image>
  <image id="65" name="Br_so_0066.png" width="640" height="640">
    <box label="갈색 고양이" source="manual" occluded="0" xtl="244.04" ytl="211.94" xbr="396.74" ybr="428.97" z_order="0">
      <attribute name="color">Brown</attribute>
      <attribute name="Shape">Sit</attribute>
    </box>
  </image>
  <image id="66" name="Br_so_0067.png" width="640" height="640">
    <box label="갈색 고양이" source="manual" occluded="0" xtl="172.57" ytl="235.98" xbr="477.31" ybr="406.87" z_order="0">
      <attribute name="color">Brown</attribute>
      <attribute name="Shape">Lie</attribute>
    </box>
  </image>
  <image id="67" name="Br_so_0068.png" width="640" height="640">
    <box label="갈색 고양이" source="manual" occluded="0" xtl="227.80" ytl="217.14" xbr="411.68" ybr="428.97" z_order="0">
      <attribute name="color">Brown</attribute>
      <attribute name="Shape">Lie</attribute>
    </box>
  </image>
  <image id="68" name="Br_so_0069.png" width="640" height="640">
    <box label="갈색 고양이" source="manual" occluded="0" xtl="211.55" ytl="272.37" xbr="469.51" ybr="409.47" z_order="0">
      <attribute name="color">Brown</attribute>
      <attribute name="Shape">Lie</attribute>
    </box>
  </image>
  <image id="69" name="Br_so_0070.png" width="640" height="640">
    <box label="갈색 고양이" source="manual" occluded="0" xtl="213.50" ytl="210.64" xbr="424.68" ybr="432.86" z_order="0">
      <attribute name="color">Brown</attribute>
      <attribute name="Shape">Sit</attribute>
    </box>
  </image>
  <image id="70" name="Br_so_0071.png" width="640" height="640">
    <box label="갈색 고양이" source="manual" occluded="0" xtl="212.20" ytl="270.42" xbr="360.35" ybr="369.19" z_order="0">
      <attribute name="color">Brown</attribute>
      <attribute name="Shape">Lie</attribute>
    </box>
  </image>
  <image id="71" name="Br_so_0072.png" width="640" height="640">
    <box label="갈색 고양이" source="manual" occluded="0" xtl="188.81" ytl="251.58" xbr="441.57" ybr="396.48" z_order="0">
      <attribute name="color">Brown</attribute>
      <attribute name="Shape">Stand</attribute>
    </box>
  </image>
  <image id="72" name="Br_so_0073.png" width="640" height="640">
    <box label="갈색 고양이" source="manual" occluded="0" xtl="180.95" ytl="232.08" xbr="452.62" ybr="414.02" z_order="0">
      <attribute name="color">Brown</attribute>
      <attribute name="Shape">Sit</attribute>
    </box>
  </image>
  <image id="73" name="Br_so_0074.png" width="640" height="640">
    <box label="갈색 고양이" source="manual" occluded="0" xtl="209.54" ytl="215.19" xbr="416.88" ybr="443.91" z_order="0">
      <attribute name="color">Brown</attribute>
      <attribute name="Shape">Sit</attribute>
    </box>
  </image>
  <image id="74" name="Br_so_0075.png" width="640" height="640">
    <box label="갈색 고양이" source="manual" occluded="0" xtl="266.72" ytl="227.54" xbr="375.94" ybr="432.21" z_order="0">
      <attribute name="color">Brown</attribute>
      <attribute name="Shape">Sit</attribute>
    </box>
  </image>
  <image id="75" name="Br_so_0076.png" width="640" height="640">
    <box label="갈색 고양이" source="manual" occluded="0" xtl="229.10" ytl="208.04" xbr="401.94" ybr="432.21" z_order="0">
      <attribute name="color">Brown</attribute>
      <attribute name="Shape">Stand</attribute>
    </box>
  </image>
  <image id="76" name="Br_so_0077.png" width="640" height="640">
    <box label="갈색 고양이" source="manual" occluded="0" xtl="215.45" ytl="223.64" xbr="399.99" ybr="426.37" z_order="0">
      <attribute name="color">Brown</attribute>
      <attribute name="Shape">Lie</attribute>
    </box>
  </image>
  <image id="77" name="Br_so_0078.png" width="640" height="640">
    <box label="갈색 고양이" source="manual" occluded="0" xtl="7.46" ytl="155.41" xbr="494.20" ybr="445.21" z_order="0">
      <attribute name="color">Brown</attribute>
      <attribute name="Shape">Stand</attribute>
    </box>
  </image>
  <image id="78" name="Br_so_0079.png" width="640" height="640">
    <box label="갈색 고양이" source="manual" occluded="0" xtl="1.13" ytl="141.01" xbr="515.75" ybr="498.13" z_order="0">
      <attribute name="color">Brown</attribute>
      <attribute name="Shape">Sit</attribute>
    </box>
  </image>
</annotations>
