<?xml version="1.0" encoding="utf-8"?>
<annotations>
  <version>1.1</version>
  <meta>
    <job>
      <id>1292932</id>
      <size>103</size>
      <mode>annotation</mode>
      <overlap>0</overlap>
      <bugtracker></bugtracker>
      <created>2024-10-08 02:12:55.882016+00:00</created>
      <updated>2024-10-08 04:04:36.941282+00:00</updated>
      <subset>default</subset>
      <start_frame>0</start_frame>
      <stop_frame>102</stop_frame>
      <frame_filter></frame_filter>
      <segments>
        <segment>
          <id>1295325</id>
          <start>0</start>
          <stop>102</stop>
          <url>https://app.cvat.ai/api/jobs/1292932</url>
        </segment>
      </segments>
      <owner>
        <username>03322</username>
        <email>kanda070711@gmail.com</email>
      </owner>
      <assignee></assignee>
      <labels>
        <label>
          <name>갈색 고양이</name>
          <color>#ff6037</color>
          <type>any</type>
          <attributes>
            <attribute>
              <name>color</name>
              <mutable>False</mutable>
              <input_type>select</input_type>
              <default_value>Brown</default_value>
              <values>Brown</values>
            </attribute>
            <attribute>
              <name>Shape</name>
              <mutable>False</mutable>
              <input_type>select</input_type>
              <default_value>Sit</default_value>
              <values>Sit</values>
            </attribute>
          </attributes>
        </label>
      </labels>
    </job>
    <dumped>2024-10-08 04:04:53.586917+00:00</dumped>
  </meta>
  <image id="0" name="Br_so_si_0001.png" width="640" height="640">
    <box label="갈색 고양이" source="manual" occluded="0" xtl="226.08" ytl="187.25" xbr="400.74" ybr="474.19" z_order="0">
      <attribute name="color">Brown</attribute>
      <attribute name="Shape">Sit</attribute>
    </box>
  </image>
  <image id="1" name="Br_so_si_0002.png" width="640" height="640">
    <box label="갈색 고양이" source="manual" occluded="0" xtl="201.91" ytl="163.08" xbr="406.98" ybr="466.39" z_order="0">
      <attribute name="color">Brown</attribute>
      <attribute name="Shape">Sit</attribute>
    </box>
  </image>
  <image id="2" name="Br_so_si_0003.png" width="640" height="640">
    <box label="갈색 고양이" source="manual" occluded="0" xtl="201.83" ytl="161.52" xbr="410.10" ybr="488.10" z_order="0">
      <attribute name="color">Brown</attribute>
      <attribute name="Shape">Sit</attribute>
    </box>
  </image>
  <image id="3" name="Br_so_si_0004.png" width="640" height="640">
    <box label="갈색 고양이" source="manual" occluded="0" xtl="202.09" ytl="156.52" xbr="420.04" ybr="484.56" z_order="0">
      <attribute name="color">Brown</attribute>
      <attribute name="Shape">Sit</attribute>
    </box>
  </image>
  <image id="4" name="Br_so_si_0005.png" width="640" height="640">
    <box label="갈색 고양이" source="manual" occluded="0" xtl="122.64" ytl="185.43" xbr="539.95" ybr="569.05" z_order="0">
      <attribute name="color">Brown</attribute>
      <attribute name="Shape">Sit</attribute>
    </box>
  </image>
  <image id="5" name="Br_so_si_0006.png" width="640" height="640">
    <box label="갈색 고양이" source="manual" occluded="0" xtl="166.81" ytl="24.10" xbr="473.33" ybr="612.56" z_order="0">
      <attribute name="color">Brown</attribute>
      <attribute name="Shape">Sit</attribute>
    </box>
  </image>
  <image id="6" name="Br_so_si_0007.png" width="640" height="640">
    <box label="갈색 고양이" source="manual" occluded="0" xtl="247.22" ytl="178.28" xbr="396.74" ybr="449.89" z_order="0">
      <attribute name="color">Brown</attribute>
      <attribute name="Shape">Sit</attribute>
    </box>
  </image>
  <image id="7" name="Br_so_si_0008.png" width="640" height="640">
    <box label="갈색 고양이" source="manual" occluded="0" xtl="272.63" ytl="284.60" xbr="377.00" ybr="458.34" z_order="0">
      <attribute name="color">Brown</attribute>
      <attribute name="Shape">Sit</attribute>
    </box>
  </image>
  <image id="8" name="Br_so_si_0009.png" width="640" height="640">
    <box label="갈색 고양이" source="manual" occluded="0" xtl="213.84" ytl="191.60" xbr="418.80" ybr="471.24" z_order="0">
      <attribute name="color">Brown</attribute>
      <attribute name="Shape">Sit</attribute>
    </box>
  </image>
  <image id="9" name="Br_so_si_0010.png" width="640" height="640">
    <box label="갈색 고양이" source="manual" occluded="0" xtl="247.25" ytl="238.48" xbr="392.24" ybr="455.70" z_order="0">
      <attribute name="color">Brown</attribute>
      <attribute name="Shape">Sit</attribute>
    </box>
  </image>
  <image id="10" name="Br_so_si_0011.png" width="640" height="640">
    <box label="갈색 고양이" source="manual" occluded="0" xtl="249.10" ytl="177.36" xbr="398.04" ybr="476.05" z_order="0">
      <attribute name="color">Brown</attribute>
      <attribute name="Shape">Sit</attribute>
    </box>
  </image>
  <image id="11" name="Br_so_si_0012.png" width="640" height="640">
    <box label="갈색 고양이" source="manual" occluded="0" xtl="246.34" ytl="217.41" xbr="404.30" ybr="422.08" z_order="0">
      <attribute name="color">Brown</attribute>
      <attribute name="Shape">Sit</attribute>
    </box>
  </image>
  <image id="12" name="Br_so_si_0013.png" width="640" height="640">
    <box label="갈색 고양이" source="manual" occluded="0" xtl="267.39" ytl="157.43" xbr="386.27" ybr="478.90" z_order="0">
      <attribute name="color">Brown</attribute>
      <attribute name="Shape">Sit</attribute>
    </box>
  </image>
  <image id="13" name="Br_so_si_0014.png" width="640" height="640">
    <box label="갈색 고양이" source="manual" occluded="0" xtl="202.39" ytl="114.01" xbr="434.41" ybr="522.49" z_order="0">
      <attribute name="color">Brown</attribute>
      <attribute name="Shape">Sit</attribute>
    </box>
  </image>
  <image id="14" name="Br_so_si_0015.png" width="640" height="640">
    <box label="갈색 고양이" source="manual" occluded="0" xtl="201.88" ytl="158.05" xbr="436.67" ybr="476.80" z_order="0">
      <attribute name="color">Brown</attribute>
      <attribute name="Shape">Sit</attribute>
    </box>
  </image>
  <image id="15" name="Br_so_si_0016.png" width="640" height="640">
    <box label="갈색 고양이" source="manual" occluded="0" xtl="194.60" ytl="239.03" xbr="416.76" ybr="417.36" z_order="0">
      <attribute name="color">Brown</attribute>
      <attribute name="Shape">Sit</attribute>
    </box>
  </image>
  <image id="16" name="Br_so_si_0017.png" width="640" height="640">
    <box label="갈색 고양이" source="manual" occluded="0" xtl="219.12" ytl="114.21" xbr="428.65" ybr="520.63" z_order="0">
      <attribute name="color">Brown</attribute>
      <attribute name="Shape">Sit</attribute>
    </box>
  </image>
  <image id="17" name="Br_so_si_0018.png" width="640" height="640">
    <box label="갈색 고양이" source="manual" occluded="0" xtl="213.18" ytl="143.19" xbr="410.82" ybr="453.76" z_order="0">
      <attribute name="color">Brown</attribute>
      <attribute name="Shape">Sit</attribute>
    </box>
  </image>
  <image id="18" name="Br_so_si_0019.png" width="640" height="640">
    <box label="갈색 고양이" source="manual" occluded="0" xtl="231.01" ytl="155.07" xbr="408.59" ybr="484.23" z_order="0">
      <attribute name="color">Brown</attribute>
      <attribute name="Shape">Sit</attribute>
    </box>
  </image>
  <image id="19" name="Br_so_si_0020.png" width="640" height="640">
    <box label="갈색 고양이" source="manual" occluded="0" xtl="202.03" ytl="149.87" xbr="435.34" ybr="488.68" z_order="0">
      <attribute name="color">Brown</attribute>
      <attribute name="Shape">Sit</attribute>
    </box>
  </image>
  <image id="20" name="Br_so_si_0021.png" width="640" height="640">
    <box label="갈색 고양이" source="manual" occluded="0" xtl="265.93" ytl="166.22" xbr="414.53" ybr="477.54" z_order="0">
      <attribute name="color">Brown</attribute>
      <attribute name="Shape">Sit</attribute>
    </box>
  </image>
  <image id="21" name="Br_so_si_0022.png" width="640" height="640">
    <box label="갈색 고양이" source="manual" occluded="0" xtl="245.30" ytl="204.31" xbr="380.90" ybr="496.24" z_order="0">
      <attribute name="color">Brown</attribute>
      <attribute name="Shape">Sit</attribute>
    </box>
  </image>
  <image id="22" name="Br_so_si_0023.png" width="640" height="640">
    <box label="갈색 고양이" source="manual" occluded="0" xtl="216.55" ytl="192.38" xbr="432.34" ybr="497.12" z_order="0">
      <attribute name="color">Brown</attribute>
      <attribute name="Shape">Sit</attribute>
    </box>
  </image>
  <image id="23" name="Br_so_si_0024.png" width="640" height="640">
    <box label="갈색 고양이" source="manual" occluded="0" xtl="221.23" ytl="202.58" xbr="409.01" ybr="447.54" z_order="0">
      <attribute name="color">Brown</attribute>
      <attribute name="Shape">Sit</attribute>
    </box>
  </image>
  <image id="24" name="Br_so_si_0025.png" width="640" height="640">
    <box label="갈색 고양이" source="manual" occluded="0" xtl="249.88" ytl="122.79" xbr="401.15" ybr="500.95" z_order="0">
      <attribute name="color">Brown</attribute>
      <attribute name="Shape">Sit</attribute>
    </box>
  </image>
  <image id="25" name="Br_so_si_0026.png" width="640" height="640">
    <box label="갈색 고양이" source="manual" occluded="0" xtl="250.12" ytl="118.89" xbr="381.11" ybr="519.67" z_order="0">
      <attribute name="color">Brown</attribute>
      <attribute name="Shape">Sit</attribute>
    </box>
  </image>
  <image id="26" name="Br_so_si_0027.png" width="640" height="640">
    <box label="갈색 고양이" source="manual" occluded="0" xtl="247.00" ytl="105.63" xbr="418.30" ybr="558.50" z_order="0">
      <attribute name="color">Brown</attribute>
      <attribute name="Shape">Sit</attribute>
    </box>
  </image>
  <image id="27" name="Br_so_si_0028.png" width="640" height="640">
    <box label="갈색 고양이" source="manual" occluded="0" xtl="214.87" ytl="110.47" xbr="429.30" ybr="533.86" z_order="0">
      <attribute name="color">Brown</attribute>
      <attribute name="Shape">Sit</attribute>
    </box>
  </image>
  <image id="28" name="Br_so_si_0029.png" width="640" height="640">
    <box label="갈색 고양이" source="manual" occluded="0" xtl="204.74" ytl="221.97" xbr="382.51" ybr="435.61" z_order="0">
      <attribute name="color">Brown</attribute>
      <attribute name="Shape">Sit</attribute>
    </box>
  </image>
  <image id="29" name="Br_so_si_0030.png" width="640" height="640">
    <box label="갈색 고양이" source="manual" occluded="0" xtl="259.32" ytl="154.91" xbr="436.32" ybr="494.87" z_order="0">
      <attribute name="color">Brown</attribute>
      <attribute name="Shape">Sit</attribute>
    </box>
  </image>
  <image id="30" name="Br_so_si_0031.png" width="640" height="640">
    <box label="갈색 고양이" source="manual" occluded="0" xtl="295.87" ytl="244.73" xbr="383.48" ybr="380.48" z_order="0">
      <attribute name="color">Brown</attribute>
      <attribute name="Shape">Sit</attribute>
    </box>
  </image>
  <image id="31" name="Br_so_si_0032.png" width="640" height="640">
    <box label="갈색 고양이" source="manual" occluded="0" xtl="266.47" ytl="190.23" xbr="396.97" ybr="452.85" z_order="0">
      <attribute name="color">Brown</attribute>
      <attribute name="Shape">Sit</attribute>
    </box>
  </image>
  <image id="32" name="Br_so_si_0033.png" width="640" height="640">
    <box label="갈색 고양이" source="manual" occluded="0" xtl="264.05" ytl="153.98" xbr="425.84" ybr="483.41" z_order="0">
      <attribute name="color">Brown</attribute>
      <attribute name="Shape">Sit</attribute>
    </box>
  </image>
  <image id="33" name="Br_so_si_0034.png" width="640" height="640">
    <box label="갈색 고양이" source="manual" occluded="0" xtl="215.96" ytl="170.22" xbr="411.55" ybr="474.96" z_order="0">
      <attribute name="color">Brown</attribute>
      <attribute name="Shape">Sit</attribute>
    </box>
  </image>
  <image id="34" name="Br_so_si_0035.png" width="640" height="640">
    <box label="갈색 고양이" source="manual" occluded="0" xtl="245.20" ytl="185.81" xbr="387.50" ybr="389.84" z_order="0">
      <attribute name="color">Brown</attribute>
      <attribute name="Shape">Sit</attribute>
    </box>
  </image>
  <image id="35" name="Br_so_si_0036.png" width="640" height="640">
    <box label="갈색 고양이" source="manual" occluded="0" xtl="206.66" ytl="183.42" xbr="404.33" ybr="459.17" z_order="0">
      <attribute name="color">Brown</attribute>
      <attribute name="Shape">Sit</attribute>
    </box>
  </image>
  <image id="36" name="Br_so_si_0037.png" width="640" height="640">
    <box label="갈색 고양이" source="manual" occluded="0" xtl="227.53" ytl="176.52" xbr="437.02" ybr="496.41" z_order="0">
      <attribute name="color">Brown</attribute>
      <attribute name="Shape">Sit</attribute>
    </box>
  </image>
  <image id="37" name="Br_so_si_0038.png" width="640" height="640">
    <box label="갈색 고양이" source="manual" occluded="0" xtl="258.80" ytl="201.01" xbr="416.20" ybr="453.32" z_order="0">
      <attribute name="color">Brown</attribute>
      <attribute name="Shape">Sit</attribute>
    </box>
  </image>
  <image id="38" name="Br_so_si_0039.png" width="640" height="640">
    <box label="갈색 고양이" source="manual" occluded="0" xtl="219.94" ytl="132.47" xbr="429.47" ybr="533.70" z_order="0">
      <attribute name="color">Brown</attribute>
      <attribute name="Shape">Sit</attribute>
    </box>
  </image>
  <image id="39" name="Br_so_si_0040.png" width="640" height="640">
    <box label="갈색 고양이" source="manual" occluded="0" xtl="231.79" ytl="205.56" xbr="411.14" ybr="416.68" z_order="0">
      <attribute name="color">Brown</attribute>
      <attribute name="Shape">Sit</attribute>
    </box>
  </image>
  <image id="40" name="Br_so_si_0041.png" width="640" height="640">
    <box label="갈색 고양이" source="manual" occluded="0" xtl="211.08" ytl="163.03" xbr="437.10" ybr="458.38" z_order="0">
      <attribute name="color">Brown</attribute>
      <attribute name="Shape">Sit</attribute>
    </box>
  </image>
  <image id="41" name="Br_so_si_0042.png" width="640" height="640">
    <box label="갈색 고양이" source="manual" occluded="0" xtl="237.70" ytl="176.71" xbr="395.00" ybr="468.96" z_order="0">
      <attribute name="color">Brown</attribute>
      <attribute name="Shape">Sit</attribute>
    </box>
  </image>
  <image id="42" name="Br_so_si_0043.png" width="640" height="640">
    <box label="갈색 고양이" source="manual" occluded="0" xtl="261.91" ytl="251.02" xbr="357.89" ybr="441.72" z_order="0">
      <attribute name="color">Brown</attribute>
      <attribute name="Shape">Sit</attribute>
    </box>
  </image>
  <image id="43" name="Br_so_si_0044.png" width="640" height="640">
    <box label="갈색 고양이" source="manual" occluded="0" xtl="227.24" ytl="171.14" xbr="423.52" ybr="451.63" z_order="0">
      <attribute name="color">Brown</attribute>
      <attribute name="Shape">Sit</attribute>
    </box>
  </image>
  <image id="44" name="Br_so_si_0045.png" width="640" height="640">
    <box label="갈색 고양이" source="manual" occluded="0" xtl="220.80" ytl="144.94" xbr="437.76" ybr="528.11" z_order="0">
      <attribute name="color">Brown</attribute>
      <attribute name="Shape">Sit</attribute>
    </box>
  </image>
  <image id="45" name="Br_so_si_0046.png" width="640" height="640">
    <box label="갈색 고양이" source="manual" occluded="0" xtl="236.61" ytl="170.90" xbr="385.51" ybr="484.75" z_order="0">
      <attribute name="color">Brown</attribute>
      <attribute name="Shape">Sit</attribute>
    </box>
  </image>
  <image id="46" name="Br_so_si_0047.png" width="640" height="640">
    <box label="갈색 고양이" source="manual" occluded="0" xtl="253.42" ytl="160.97" xbr="432.94" ybr="461.60" z_order="0">
      <attribute name="color">Brown</attribute>
      <attribute name="Shape">Sit</attribute>
    </box>
  </image>
  <image id="47" name="Br_so_si_0048.png" width="640" height="640">
    <box label="갈색 고양이" source="manual" occluded="0" xtl="238.26" ytl="211.44" xbr="401.72" ybr="551.74" z_order="0">
      <attribute name="color">Brown</attribute>
      <attribute name="Shape">Sit</attribute>
    </box>
  </image>
  <image id="48" name="Br_so_si_0049.png" width="640" height="640">
    <box label="갈색 고양이" source="manual" occluded="0" xtl="247.18" ytl="198.06" xbr="448.53" ybr="456.63" z_order="0">
      <attribute name="color">Brown</attribute>
      <attribute name="Shape">Sit</attribute>
    </box>
  </image>
  <image id="49" name="Br_so_si_0050.png" width="640" height="640">
    <box label="갈색 고양이" source="manual" occluded="0" xtl="147.61" ytl="232.75" xbr="481.35" ybr="398.07" z_order="0">
      <attribute name="color">Brown</attribute>
      <attribute name="Shape">Sit</attribute>
    </box>
  </image>
  <image id="50" name="Br_so_si_0051.png" width="640" height="640">
    <box label="갈색 고양이" source="manual" occluded="0" xtl="179.19" ytl="182.16" xbr="492.74" ybr="460.05" z_order="0">
      <attribute name="color">Brown</attribute>
      <attribute name="Shape">Sit</attribute>
    </box>
  </image>
  <image id="51" name="Br_so_si_0052.png" width="640" height="640">
    <box label="갈색 고양이" source="manual" occluded="0" xtl="281.35" ytl="247.25" xbr="475.28" ybr="466.44" z_order="0">
      <attribute name="color">Brown</attribute>
      <attribute name="Shape">Sit</attribute>
    </box>
  </image>
  <image id="52" name="Br_so_si_0053.png" width="640" height="640">
    <box label="갈색 고양이" source="manual" occluded="0" xtl="223.40" ytl="191.53" xbr="411.38" ybr="453.81" z_order="0">
      <attribute name="color">Brown</attribute>
      <attribute name="Shape">Sit</attribute>
    </box>
  </image>
  <image id="53" name="Br_so_si_0054.png" width="640" height="640">
    <box label="갈색 고양이" source="manual" occluded="0" xtl="179.56" ytl="191.53" xbr="512.43" ybr="464.95" z_order="0">
      <attribute name="color">Brown</attribute>
      <attribute name="Shape">Sit</attribute>
    </box>
  </image>
  <image id="54" name="Br_so_si_0055.png" width="640" height="640">
    <box label="갈색 고양이" source="manual" occluded="0" xtl="116.41" ytl="196.73" xbr="519.86" ybr="452.32" z_order="0">
      <attribute name="color">Brown</attribute>
      <attribute name="Shape">Sit</attribute>
    </box>
  </image>
  <image id="56" name="Br_so_si_0057.png" width="640" height="640">
    <box label="갈색 고양이" source="manual" occluded="0" xtl="80.00" ytl="188.55" xbr="554.04" ybr="447.12" z_order="0">
      <attribute name="color">Brown</attribute>
      <attribute name="Shape">Sit</attribute>
    </box>
  </image>
  <image id="57" name="Br_so_si_0058.png" width="640" height="640">
    <box label="갈색 고양이" source="manual" occluded="0" xtl="212.26" ytl="214.56" xbr="441.84" ybr="455.29" z_order="0">
      <attribute name="color">Brown</attribute>
      <attribute name="Shape">Sit</attribute>
    </box>
  </image>
  <image id="58" name="Br_so_si_0059.png" width="640" height="640">
    <box label="갈색 고양이" source="manual" occluded="0" xtl="108.23" ytl="196.73" xbr="625.37" ybr="476.84" z_order="0">
      <attribute name="color">Brown</attribute>
      <attribute name="Shape">Sit</attribute>
    </box>
  </image>
  <image id="59" name="Br_so_si_0060.png" width="640" height="640">
    <box label="갈색 고양이" source="manual" occluded="0" xtl="173.62" ytl="152.89" xbr="513.17" ybr="513.99" z_order="0">
      <attribute name="color">Brown</attribute>
      <attribute name="Shape">Sit</attribute>
    </box>
  </image>
  <image id="60" name="Br_so_si_0061.png" width="640" height="640">
    <box label="갈색 고양이" source="manual" occluded="0" xtl="14.15" ytl="123.29" xbr="640.00" ybr="555.54" z_order="0">
      <attribute name="color">Brown</attribute>
      <attribute name="Shape">Sit</attribute>
    </box>
  </image>
  <image id="61" name="Br_so_si_0062.png" width="640" height="640">
    <box label="갈색 고양이" source="manual" occluded="0" xtl="80.00" ytl="181.60" xbr="428.86" ybr="573.19" z_order="0">
      <attribute name="color">Brown</attribute>
      <attribute name="Shape">Sit</attribute>
    </box>
  </image>
  <image id="62" name="Br_so_si_0063.png" width="640" height="640">
    <box label="갈색 고양이" source="manual" occluded="0" xtl="205.24" ytl="129.17" xbr="517.66" ybr="414.84" z_order="0">
      <attribute name="color">Brown</attribute>
      <attribute name="Shape">Sit</attribute>
    </box>
  </image>
  <image id="63" name="Br_so_si_0064.png" width="640" height="640">
    <box label="갈색 고양이" source="manual" occluded="0" xtl="116.44" ytl="230.82" xbr="463.10" ybr="445.87" z_order="0">
      <attribute name="color">Brown</attribute>
      <attribute name="Shape">Sit</attribute>
    </box>
  </image>
  <image id="64" name="Br_so_si_0065.png" width="640" height="640">
    <box label="갈색 고양이" source="manual" occluded="0" xtl="170.28" ytl="23.40" xbr="487.53" ybr="634.54" z_order="0">
      <attribute name="color">Brown</attribute>
      <attribute name="Shape">Sit</attribute>
    </box>
  </image>
  <image id="65" name="Br_so_si_0066.png" width="640" height="640">
  </image>
  <image id="66" name="Br_so_si_0067.png" width="640" height="640">
  </image>
  <image id="67" name="Br_so_si_0068.png" width="640" height="640">
  </image>
  <image id="68" name="Br_so_si_0069.png" width="640" height="640">
  </image>
  <image id="69" name="Br_so_si_0070.png" width="640" height="640">
  </image>
  <image id="70" name="Br_so_si_0071.png" width="640" height="640">
  </image>
  <image id="71" name="Br_so_si_0072.png" width="640" height="640">
  </image>
  <image id="72" name="Br_so_si_0073.png" width="640" height="640">
  </image>
  <image id="73" name="Br_so_si_0074.png" width="640" height="640">
  </image>
  <image id="74" name="Br_so_si_0075.png" width="640" height="640">
    <box label="갈색 고양이" source="manual" occluded="0" xtl="117.77" ytl="132.53" xbr="585.11" ybr="506.15" z_order="0">
      <attribute name="color">Brown</attribute>
      <attribute name="Shape">Sit</attribute>
    </box>
  </image>
  <image id="75" name="Br_so_si_0076.png" width="640" height="640">
    <box label="갈색 고양이" source="manual" occluded="0" xtl="224.33" ytl="181.32" xbr="454.15" ybr="459.93" z_order="0">
      <attribute name="color">Brown</attribute>
      <attribute name="Shape">Sit</attribute>
    </box>
  </image>
  <image id="76" name="Br_so_si_0077.png" width="640" height="640">
    <box label="갈색 고양이" source="manual" occluded="0" xtl="282.11" ytl="185.17" xbr="497.81" ybr="526.69" z_order="0">
      <attribute name="color">Brown</attribute>
      <attribute name="Shape">Sit</attribute>
    </box>
  </image>
  <image id="77" name="Br_so_si_0078.png" width="640" height="640">
    <box label="갈색 고양이" source="manual" occluded="0" xtl="226.90" ytl="117.12" xbr="499.09" ybr="389.32" z_order="0">
      <attribute name="color">Brown</attribute>
      <attribute name="Shape">Sit</attribute>
    </box>
  </image>
  <image id="78" name="Br_so_si_0079.png" width="640" height="640">
    <box label="갈색 고양이" source="manual" occluded="0" xtl="241.02" ytl="244.23" xbr="410.50" ybr="393.17" z_order="0">
      <attribute name="color">Brown</attribute>
      <attribute name="Shape">Sit</attribute>
    </box>
  </image>
  <image id="79" name="Br_so_si_0080.png" width="640" height="640">
    <box label="갈색 고양이" source="manual" occluded="0" xtl="157.57" ytl="129.96" xbr="500.37" ybr="503.58" z_order="0">
      <attribute name="color">Brown</attribute>
      <attribute name="Shape">Sit</attribute>
    </box>
  </image>
  <image id="80" name="Br_so_si_0081.png" width="640" height="640">
    <box label="갈색 고양이" source="manual" occluded="0" xtl="190.95" ytl="168.48" xbr="487.53" ybr="409.86" z_order="0">
      <attribute name="color">Brown</attribute>
      <attribute name="Shape">Sit</attribute>
    </box>
  </image>
  <image id="81" name="Br_so_si_0082.png" width="640" height="640">
    <box label="갈색 고양이" source="manual" occluded="0" xtl="189.67" ytl="105.57" xbr="586.40" ybr="337.96" z_order="0">
      <attribute name="color">Brown</attribute>
      <attribute name="Shape">Sit</attribute>
    </box>
  </image>
  <image id="82" name="Br_so_si_0083.png" width="640" height="640">
    <box label="갈색 고양이" source="manual" occluded="0" xtl="261.59" ytl="299.78" xbr="376.76" ybr="544.97" z_order="0">
      <attribute name="color">Brown</attribute>
      <attribute name="Shape">Sit</attribute>
    </box>
  </image>
  <image id="83" name="Br_so_si_0084.png" width="640" height="640">
    <box label="갈색 고양이" source="manual" occluded="0" xtl="185.10" ytl="196.50" xbr="487.50" ybr="422.40" z_order="0">
      <attribute name="color">Brown</attribute>
      <attribute name="Shape">Sit</attribute>
    </box>
  </image>
  <image id="84" name="Br_so_si_0085.png" width="640" height="640">
    <box label="갈색 고양이" source="manual" occluded="0" xtl="156.83" ytl="206.76" xbr="403.36" ybr="567.71" z_order="0">
      <attribute name="color">Brown</attribute>
      <attribute name="Shape">Sit</attribute>
    </box>
  </image>
  <image id="85" name="Br_so_si_0086.png" width="640" height="640">
    <box label="갈색 고양이" source="manual" occluded="0" xtl="142.10" ytl="23.10" xbr="640.00" ybr="535.70" z_order="0">
      <attribute name="color">Brown</attribute>
      <attribute name="Shape">Sit</attribute>
    </box>
  </image>
  <image id="86" name="Br_so_si_0087.png" width="640" height="640">
    <box label="갈색 고양이" source="manual" occluded="0" xtl="141.05" ytl="8.06" xbr="446.00" ybr="572.98" z_order="0">
      <attribute name="color">Brown</attribute>
      <attribute name="Shape">Sit</attribute>
    </box>
  </image>
  <image id="88" name="Br_so_si_0089.png" width="640" height="640">
    <box label="갈색 고양이" source="manual" occluded="0" xtl="247.47" ytl="138.92" xbr="401.28" ybr="443.60" z_order="0">
      <attribute name="color">Brown</attribute>
      <attribute name="Shape">Sit</attribute>
    </box>
  </image>
  <image id="89" name="Br_so_si_0090.png" width="640" height="640">
    <box label="갈색 고양이" source="manual" occluded="0" xtl="232.61" ytl="152.29" xbr="639.04" ybr="525.28" z_order="0">
      <attribute name="color">Brown</attribute>
      <attribute name="Shape">Sit</attribute>
    </box>
  </image>
  <image id="90" name="Br_so_si_0091.png" width="640" height="640">
    <box label="갈색 고양이" source="manual" occluded="0" xtl="200.66" ytl="75.02" xbr="412.42" ybr="425.72" z_order="0">
      <attribute name="color">Brown</attribute>
      <attribute name="Shape">Sit</attribute>
    </box>
  </image>
  <image id="91" name="Br_so_si_0092.png" width="640" height="640">
    <box label="갈색 고양이" source="manual" occluded="0" xtl="253.64" ytl="208.17" xbr="423.94" ybr="509.53" z_order="0">
      <attribute name="color">Brown</attribute>
      <attribute name="Shape">Sit</attribute>
    </box>
  </image>
  <image id="92" name="Br_so_si_0093.png" width="640" height="640">
    <box label="갈색 고양이" source="manual" occluded="0" xtl="155.56" ytl="117.14" xbr="353.59" ybr="519.25" z_order="0">
      <attribute name="color">Brown</attribute>
      <attribute name="Shape">Sit</attribute>
    </box>
  </image>
  <image id="93" name="Br_so_si_0094.png" width="640" height="640">
    <box label="갈색 고양이" source="manual" occluded="0" xtl="276.91" ytl="230.37" xbr="415.11" ybr="572.75" z_order="0">
      <attribute name="color">Brown</attribute>
      <attribute name="Shape">Sit</attribute>
    </box>
  </image>
  <image id="94" name="Br_so_si_0095.png" width="640" height="640">
    <box label="갈색 고양이" source="manual" occluded="0" xtl="305.44" ytl="248.20" xbr="474.85" ybr="537.08" z_order="0">
      <attribute name="color">Brown</attribute>
      <attribute name="Shape">Sit</attribute>
    </box>
  </image>
  <image id="95" name="Br_so_si_0096.png" width="640" height="640">
    <box label="갈색 고양이" source="manual" occluded="0" xtl="199.34" ytl="150.13" xbr="397.28" ybr="433.66" z_order="0">
      <attribute name="color">Brown</attribute>
      <attribute name="Shape">Sit</attribute>
    </box>
  </image>
  <image id="97" name="Br_so_si_0098.png" width="640" height="640">
    <box label="갈색 고양이" source="manual" occluded="0" xtl="246.97" ytl="241.19" xbr="381.78" ybr="478.72" z_order="0">
      <attribute name="color">Brown</attribute>
      <attribute name="Shape">Sit</attribute>
    </box>
  </image>
  <image id="98" name="Br_so_si_0099.png" width="640" height="640">
    <box label="갈색 고양이" source="manual" occluded="0" xtl="206.31" ytl="220.86" xbr="452.40" ybr="538.63" z_order="0">
      <attribute name="color">Brown</attribute>
      <attribute name="Shape">Sit</attribute>
    </box>
  </image>
  <image id="100" name="Br_so_si_0101.png" width="640" height="640">
    <box label="갈색 고양이" source="manual" occluded="0" xtl="252.32" ytl="228.35" xbr="410.67" ybr="362.10" z_order="0">
      <attribute name="color">Brown</attribute>
      <attribute name="Shape">Sit</attribute>
    </box>
  </image>
</annotations>
