<?xml version="1.0" encoding="utf-8"?>
<annotations>
  <version>1.1</version>
  <meta>
    <job>
      <id>1290293</id>
      <size>168</size>
      <mode>annotation</mode>
      <overlap>0</overlap>
      <bugtracker></bugtracker>
      <created>2024-10-07 01:25:18.818620+00:00</created>
      <updated>2024-10-07 03:39:25.609256+00:00</updated>
      <subset>default</subset>
      <start_frame>0</start_frame>
      <stop_frame>167</stop_frame>
      <frame_filter></frame_filter>
      <segments>
        <segment>
          <id>1292685</id>
          <start>0</start>
          <stop>167</stop>
          <url>https://app.cvat.ai/api/jobs/1290293</url>
        </segment>
      </segments>
      <owner>
        <username>03322</username>
        <email>kanda070711@gmail.com</email>
      </owner>
      <assignee></assignee>
      <labels>
        <label>
          <name>갈색 고양이</name>
          <color>#ff6037</color>
          <type>any</type>
          <attributes>
            <attribute>
              <name>color</name>
              <mutable>False</mutable>
              <input_type>select</input_type>
              <default_value>brown</default_value>
              <values>brown</values>
            </attribute>
            <attribute>
              <name>Shape</name>
              <mutable>False</mutable>
              <input_type>select</input_type>
              <default_value>Lie</default_value>
              <values>Lie</values>
            </attribute>
          </attributes>
        </label>
      </labels>
    </job>
    <dumped>2024-10-07 03:40:54.330963+00:00</dumped>
  </meta>
  <image id="0" name="Br_0930_0005.png" width="640" height="640">
    <box label="갈색 고양이" source="manual" occluded="0" xtl="224.43" ytl="241.53" xbr="446.43" ybr="403.07" z_order="0">
      <attribute name="Shape">Lie</attribute>
      <attribute name="color">brown</attribute>
    </box>
  </image>
  <image id="1" name="Br_0930_0022.png" width="640" height="640">
    <box label="갈색 고양이" source="manual" occluded="0" xtl="105.39" ytl="24.21" xbr="579.44" ybr="627.38" z_order="0">
      <attribute name="color">brown</attribute>
      <attribute name="Shape">Lie</attribute>
    </box>
  </image>
  <image id="2" name="Br_0930_0033.png" width="640" height="640">
    <box label="갈색 고양이" source="manual" occluded="0" xtl="70.81" ytl="204.08" xbr="503.09" ybr="478.05" z_order="0">
      <attribute name="color">brown</attribute>
      <attribute name="Shape">Lie</attribute>
    </box>
  </image>
  <image id="3" name="Br_0930_0036.png" width="640" height="640">
    <box label="갈색 고양이" source="manual" occluded="0" xtl="196.56" ytl="115.49" xbr="487.37" ybr="555.52" z_order="0">
      <attribute name="color">brown</attribute>
      <attribute name="Shape">Lie</attribute>
    </box>
  </image>
  <image id="4" name="Br_0930_0039.png" width="640" height="640">
    <box label="갈색 고양이" source="manual" occluded="0" xtl="169.61" ytl="173.88" xbr="470.53" ybr="479.28" z_order="0">
      <attribute name="color">brown</attribute>
      <attribute name="Shape">Lie</attribute>
    </box>
  </image>
  <image id="5" name="Br_0930_0059.png" width="640" height="640">
    <box label="갈색 고양이" source="manual" occluded="0" xtl="114.60" ytl="231.03" xbr="449.19" ybr="467.94" z_order="0">
      <attribute name="color">brown</attribute>
      <attribute name="Shape">Lie</attribute>
    </box>
  </image>
  <image id="6" name="Br_0930_0060.png" width="640" height="640">
    <box label="갈색 고양이" source="manual" occluded="0" xtl="208.91" ytl="156.93" xbr="533.40" ybr="429.88" z_order="0">
      <attribute name="color">brown</attribute>
      <attribute name="Shape">Lie</attribute>
    </box>
  </image>
  <image id="7" name="Br_0930_0065.png" width="640" height="640">
    <box label="갈색 고양이" source="manual" occluded="0" xtl="220.74" ytl="263.89" xbr="419.46" ybr="380.85" z_order="0">
      <attribute name="color">brown</attribute>
      <attribute name="Shape">Lie</attribute>
    </box>
  </image>
  <image id="8" name="Br_0930_0073.png" width="640" height="640">
    <box label="갈색 고양이" source="manual" occluded="0" xtl="149.37" ytl="239.15" xbr="494.29" ybr="441.66" z_order="0">
      <attribute name="color">brown</attribute>
      <attribute name="Shape">Lie</attribute>
    </box>
  </image>
  <image id="9" name="Br_0930_0150.png" width="640" height="640">
    <box label="갈색 고양이" source="manual" occluded="0" xtl="251.71" ytl="316.58" xbr="365.42" ybr="420.00" z_order="0">
      <attribute name="color">brown</attribute>
      <attribute name="Shape">Lie</attribute>
    </box>
  </image>
  <image id="10" name="Br_0930_0156.png" width="640" height="640">
    <box label="갈색 고양이" source="manual" occluded="0" xtl="276.08" ytl="186.62" xbr="378.41" ybr="430.83" z_order="0">
      <attribute name="color">brown</attribute>
      <attribute name="Shape">Lie</attribute>
    </box>
  </image>
  <image id="11" name="Br_0930_0216.png" width="640" height="640">
    <box label="갈색 고양이" source="manual" occluded="0" xtl="141.25" ytl="225.61" xbr="482.38" ybr="428.66" z_order="0">
      <attribute name="color">brown</attribute>
      <attribute name="Shape">Lie</attribute>
    </box>
  </image>
  <image id="12" name="Br_0930_0219.png" width="640" height="640">
    <box label="갈색 고양이" source="manual" occluded="0" xtl="188.90" ytl="212.61" xbr="494.83" ybr="433.54" z_order="0">
      <attribute name="color">brown</attribute>
      <attribute name="Shape">Lie</attribute>
    </box>
  </image>
  <image id="13" name="Br_0930_0286.png" width="640" height="640">
    <box label="갈색 고양이" source="manual" occluded="0" xtl="191.60" ytl="227.23" xbr="415.24" ybr="441.66" z_order="0">
      <attribute name="color">brown</attribute>
      <attribute name="Shape">Lie</attribute>
    </box>
  </image>
  <image id="14" name="Br_0930_0305.png" width="640" height="640">
    <box label="갈색 고양이" source="manual" occluded="0" xtl="91.97" ytl="206.66" xbr="520.82" ybr="455.20" z_order="0">
      <attribute name="color">brown</attribute>
      <attribute name="Shape">Lie</attribute>
    </box>
  </image>
  <image id="15" name="Br_0930_0306.png" width="640" height="640">
    <box label="갈색 고양이" source="manual" occluded="0" xtl="120.24" ytl="266.98" xbr="611.90" ybr="494.40" z_order="0">
      <attribute name="color">brown</attribute>
      <attribute name="Shape">Lie</attribute>
    </box>
  </image>
  <image id="16" name="Br_0930_0307.png" width="640" height="640">
    <box label="갈색 고양이" source="manual" occluded="0" xtl="75.13" ytl="139.06" xbr="533.61" ybr="514.11" z_order="0">
      <attribute name="color">brown</attribute>
      <attribute name="Shape">Lie</attribute>
    </box>
  </image>
  <image id="17" name="Br_0930_0308.png" width="640" height="640">
    <box label="갈색 고양이" source="manual" occluded="0" xtl="44.72" ytl="181.17" xbr="507.10" ybr="422.10" z_order="0">
      <attribute name="color">brown</attribute>
      <attribute name="Shape">Lie</attribute>
    </box>
  </image>
  <image id="18" name="Br_0930_0309.png" width="640" height="640">
    <box label="갈색 고양이" source="manual" occluded="0" xtl="156.22" ytl="156.20" xbr="496.96" ybr="487.60" z_order="0">
      <attribute name="color">brown</attribute>
      <attribute name="Shape">Lie</attribute>
    </box>
  </image>
  <image id="19" name="Br_0930_0310.png" width="640" height="640">
    <box label="갈색 고양이" source="manual" occluded="0" xtl="70.45" ytl="174.15" xbr="564.02" ybr="441.60" z_order="0">
      <attribute name="color">brown</attribute>
      <attribute name="Shape">Lie</attribute>
    </box>
  </image>
  <image id="20" name="Br_0930_0311.png" width="640" height="640">
    <box label="갈색 고양이" source="manual" occluded="0" xtl="70.45" ytl="139.84" xbr="468.11" ybr="476.69" z_order="0">
      <attribute name="color">brown</attribute>
      <attribute name="Shape">Lie</attribute>
    </box>
  </image>
  <image id="21" name="Br_0930_0312.png" width="640" height="640">
    <box label="갈색 고양이" source="manual" occluded="0" xtl="210.02" ytl="163.24" xbr="552.24" ybr="413.53" z_order="0">
      <attribute name="color">brown</attribute>
      <attribute name="Shape">Lie</attribute>
    </box>
  </image>
  <image id="22" name="Br_0930_0313.png" width="640" height="640">
    <box label="갈색 고양이" source="manual" occluded="0" xtl="71.23" ytl="151.54" xbr="557.78" ybr="483.70" z_order="0">
      <attribute name="color">brown</attribute>
      <attribute name="Shape">Lie</attribute>
    </box>
  </image>
  <image id="23" name="Br_0930_0314.png" width="640" height="640">
    <box label="갈색 고양이" source="manual" occluded="0" xtl="190.67" ytl="86.99" xbr="458.27" ybr="545.47" z_order="0">
      <attribute name="color">brown</attribute>
      <attribute name="Shape">Lie</attribute>
    </box>
  </image>
  <image id="24" name="Br_0930_0315.png" width="640" height="640">
    <box label="갈색 고양이" source="manual" occluded="0" xtl="129.85" ytl="239.51" xbr="515.34" ybr="446.29" z_order="0">
      <attribute name="color">brown</attribute>
      <attribute name="Shape">Lie</attribute>
    </box>
  </image>
  <image id="25" name="Br_0930_0316.png" width="640" height="640">
    <box label="갈색 고양이" source="manual" occluded="0" xtl="115.81" ytl="142.20" xbr="516.28" ybr="504.30" z_order="0">
      <attribute name="color">brown</attribute>
      <attribute name="Shape">Lie</attribute>
    </box>
  </image>
  <image id="26" name="Br_0930_0317.png" width="640" height="640">
    <box label="갈색 고양이" source="manual" occluded="0" xtl="182.25" ytl="223.60" xbr="461.08" ybr="399.51" z_order="0">
      <attribute name="color">brown</attribute>
      <attribute name="Shape">Lie</attribute>
    </box>
  </image>
  <image id="27" name="Br_0930_0318.png" width="640" height="640">
    <box label="갈색 고양이" source="manual" occluded="0" xtl="183.59" ytl="225.10" xbr="462.90" ybr="424.55" z_order="0">
      <attribute name="color">brown</attribute>
      <attribute name="Shape">Lie</attribute>
    </box>
  </image>
  <image id="28" name="Br_0930_0319.png" width="640" height="640">
    <box label="갈색 고양이" source="manual" occluded="0" xtl="239.17" ytl="200.05" xbr="566.00" ybr="479.45" z_order="0">
      <attribute name="color">brown</attribute>
      <attribute name="Shape">Lie</attribute>
    </box>
  </image>
  <image id="29" name="Br_0930_0320.png" width="640" height="640">
    <box label="갈색 고양이" source="manual" occluded="0" xtl="70.23" ytl="265.68" xbr="615.39" ybr="439.82" z_order="0">
      <attribute name="color">brown</attribute>
      <attribute name="Shape">Lie</attribute>
    </box>
  </image>
  <image id="30" name="Br_0930_0321.png" width="640" height="640">
    <box label="갈색 고양이" source="manual" occluded="0" xtl="180.04" ytl="217.59" xbr="462.69" ybr="420.32" z_order="0">
      <attribute name="color">brown</attribute>
      <attribute name="Shape">Lie</attribute>
    </box>
  </image>
  <image id="31" name="Br_0930_0322.png" width="640" height="640">
    <box label="갈색 고양이" source="manual" occluded="0" xtl="163.14" ytl="175.36" xbr="478.93" ybr="461.26" z_order="0">
      <attribute name="color">brown</attribute>
      <attribute name="Shape">Lie</attribute>
    </box>
  </image>
  <image id="32" name="Br_0930_0323.png" width="640" height="640">
    <box label="갈색 고양이" source="manual" occluded="0" xtl="96.91" ytl="109.64" xbr="567.56" ybr="513.85" z_order="0">
      <attribute name="color">brown</attribute>
      <attribute name="Shape">Lie</attribute>
    </box>
  </image>
  <image id="33" name="Br_0930_0324.png" width="640" height="640">
    <box label="갈색 고양이" source="manual" occluded="0" xtl="58.55" ytl="180.75" xbr="519.84" ybr="438.06" z_order="0">
      <attribute name="color">brown</attribute>
      <attribute name="Shape">Lie</attribute>
    </box>
  </image>
  <image id="34" name="Br_0930_0325.png" width="640" height="640">
    <box label="갈색 고양이" source="manual" occluded="0" xtl="187.67" ytl="157.36" xbr="472.12" ybr="511.04" z_order="0">
      <attribute name="color">brown</attribute>
      <attribute name="Shape">Lie</attribute>
    </box>
  </image>
  <image id="35" name="Br_0930_0326.png" width="640" height="640">
    <box label="갈색 고양이" source="manual" occluded="0" xtl="135.27" ytl="183.56" xbr="492.70" ybr="481.10" z_order="0">
      <attribute name="color">brown</attribute>
      <attribute name="Shape">Lie</attribute>
    </box>
  </image>
  <image id="36" name="Br_0930_0327.png" width="640" height="640">
    <box label="갈색 고양이" source="manual" occluded="0" xtl="159.60" ytl="218.18" xbr="447.79" ybr="424.96" z_order="0">
      <attribute name="color">brown</attribute>
      <attribute name="Shape">Lie</attribute>
    </box>
  </image>
  <image id="37" name="Br_0930_0328.png" width="640" height="640">
    <box label="갈색 고양이" source="manual" occluded="0" xtl="71.65" ytl="160.16" xbr="568.50" ybr="523.20" z_order="0">
      <attribute name="color">brown</attribute>
      <attribute name="Shape">Lie</attribute>
    </box>
  </image>
  <image id="39" name="Br_0930_0330.png" width="640" height="640">
    <box label="갈색 고양이" source="manual" occluded="0" xtl="47.32" ytl="118.99" xbr="640.00" ybr="537.24" z_order="0">
      <attribute name="color">brown</attribute>
      <attribute name="Shape">Lie</attribute>
    </box>
  </image>
  <image id="40" name="Br_0930_0331.png" width="640" height="640">
    <box label="갈색 고양이" source="manual" occluded="0" xtl="174.57" ytl="211.63" xbr="531.06" ybr="470.81" z_order="0">
      <attribute name="color">brown</attribute>
      <attribute name="Shape">Lie</attribute>
    </box>
  </image>
  <image id="41" name="Br_0930_0335.png" width="640" height="640">
    <box label="갈색 고양이" source="manual" occluded="0" xtl="182.99" ytl="231.27" xbr="465.57" ybr="395.02" z_order="0">
      <attribute name="color">brown</attribute>
      <attribute name="Shape">Lie</attribute>
    </box>
  </image>
  <image id="42" name="Br_0930_0336.png" width="640" height="640">
    <box label="갈색 고양이" source="manual" occluded="0" xtl="66.04" ytl="218.17" xbr="558.60" ybr="429.30" z_order="0">
      <attribute name="color">brown</attribute>
      <attribute name="Shape">Lie</attribute>
    </box>
  </image>
  <image id="43" name="Br_0930_0338.png" width="640" height="640">
    <box label="갈색 고양이" source="manual" occluded="0" xtl="170.99" ytl="291.74" xbr="412.03" ybr="399.66" z_order="0">
      <attribute name="Shape">Lie</attribute>
      <attribute name="color">brown</attribute>
    </box>
  </image>
  <image id="44" name="Br_0930_0340.png" width="640" height="640">
    <box label="갈색 고양이" source="manual" occluded="0" xtl="235.48" ytl="233.23" xbr="438.54" ybr="432.22" z_order="0">
      <attribute name="color">brown</attribute>
      <attribute name="Shape">Lie</attribute>
    </box>
  </image>
  <image id="45" name="Br_0930_0341.png" width="640" height="640">
    <box label="갈색 고양이" source="manual" occluded="0" xtl="110.04" ytl="233.23" xbr="487.27" ybr="422.74" z_order="0">
      <attribute name="color">brown</attribute>
      <attribute name="Shape">Lie</attribute>
    </box>
  </image>
  <image id="46" name="Br_0930_0342.png" width="640" height="640">
    <box label="갈색 고양이" source="manual" occluded="0" xtl="186.30" ytl="242.70" xbr="466.06" ybr="425.90" z_order="0">
      <attribute name="color">brown</attribute>
      <attribute name="Shape">Lie</attribute>
    </box>
  </image>
  <image id="47" name="Br_0930_0344.png" width="640" height="640">
    <box label="갈색 고양이" source="manual" occluded="0" xtl="116.36" ytl="171.27" xbr="585.50" ybr="490.30" z_order="0">
      <attribute name="color">brown</attribute>
      <attribute name="Shape">Lie</attribute>
    </box>
  </image>
  <image id="48" name="Br_0930_0345.png" width="640" height="640">
    <box label="갈색 고양이" source="manual" occluded="0" xtl="32.54" ytl="216.10" xbr="610.19" ybr="431.18" z_order="0">
      <attribute name="color">brown</attribute>
      <attribute name="Shape">Lie</attribute>
    </box>
  </image>
  <image id="49" name="Br_0930_0346.png" width="640" height="640">
    <box label="갈색 고양이" source="manual" occluded="0" xtl="152.75" ytl="227.15" xbr="483.48" ybr="414.93" z_order="0">
      <attribute name="color">brown</attribute>
      <attribute name="Shape">Lie</attribute>
    </box>
  </image>
  <image id="50" name="Br_0930_0347.png" width="640" height="640">
    <box label="갈색 고양이" source="manual" occluded="0" xtl="182.64" ytl="218.05" xbr="452.29" ybr="418.18" z_order="0">
      <attribute name="color">brown</attribute>
      <attribute name="Shape">Lie</attribute>
    </box>
  </image>
  <image id="51" name="Br_0930_0349.png" width="640" height="640">
    <box label="갈색 고양이" source="manual" occluded="0" xtl="194.98" ytl="218.05" xbr="417.21" ybr="431.18" z_order="0">
      <attribute name="color">brown</attribute>
      <attribute name="Shape">Lie</attribute>
    </box>
  </image>
  <image id="52" name="Br_0930_0351.png" width="640" height="640">
    <box label="갈색 고양이" source="manual" occluded="0" xtl="181.99" ytl="237.50" xbr="445.15" ybr="398.04" z_order="0">
      <attribute name="Shape">Lie</attribute>
      <attribute name="color">brown</attribute>
    </box>
  </image>
  <image id="54" name="Br_0930_0353.png" width="640" height="640">
    <box label="갈색 고양이" source="manual" occluded="0" xtl="217.08" ytl="228.45" xbr="427.60" ybr="397.39" z_order="0">
      <attribute name="color">brown</attribute>
      <attribute name="Shape">Lie</attribute>
    </box>
  </image>
  <image id="55" name="Br_0930_0354.png" width="640" height="640">
    <box label="갈색 고양이" source="manual" occluded="0" xtl="161.19" ytl="173.87" xbr="478.93" ybr="459.77" z_order="0">
      <attribute name="Shape">Lie</attribute>
      <attribute name="color">brown</attribute>
    </box>
  </image>
  <image id="56" name="Br_0930_0356.png" width="640" height="640">
    <box label="갈색 고양이" source="manual" occluded="0" xtl="174.84" ytl="161.52" xbr="525.07" ybr="503.95" z_order="0">
      <attribute name="color">brown</attribute>
      <attribute name="Shape">Lie</attribute>
    </box>
  </image>
  <image id="57" name="Br_0930_0357.png" width="640" height="640">
    <box label="갈색 고양이" source="manual" occluded="0" xtl="207.33" ytl="243.39" xbr="432.15" ybr="431.82" z_order="0">
      <attribute name="color">brown</attribute>
      <attribute name="Shape">Lie</attribute>
    </box>
  </image>
  <image id="58" name="Br_0930_0359.png" width="640" height="640">
    <box label="갈색 고양이" source="manual" occluded="0" xtl="92.32" ytl="179.06" xbr="600.44" ybr="516.50" z_order="0">
      <attribute name="color">brown</attribute>
      <attribute name="Shape">Lie</attribute>
    </box>
  </image>
  <image id="59" name="Br_0930_0360.png" width="640" height="640">
    <box label="갈색 고양이" source="manual" occluded="0" xtl="97.94" ytl="94.76" xbr="504.02" ybr="523.30" z_order="0">
      <attribute name="color">brown</attribute>
      <attribute name="Shape">Lie</attribute>
    </box>
  </image>
  <image id="60" name="Br_0930_0361.png" width="640" height="640">
    <box label="갈색 고양이" source="manual" occluded="0" xtl="49.29" ytl="256.63" xbr="349.64" ybr="400.72" z_order="0">
      <attribute name="color">brown</attribute>
      <attribute name="Shape">Lie</attribute>
    </box>
  </image>
  <image id="61" name="Br_0930_0362.png" width="640" height="640">
    <box label="갈색 고양이" source="manual" occluded="0" xtl="258.88" ytl="245.40" xbr="536.77" ybr="506.50" z_order="0">
      <attribute name="color">brown</attribute>
      <attribute name="Shape">Lie</attribute>
    </box>
  </image>
  <image id="62" name="Br_0930_0363.png" width="640" height="640">
    <box label="갈색 고양이" source="manual" occluded="0" xtl="40.87" ytl="213.59" xbr="613.50" ybr="422.25" z_order="0">
      <attribute name="Shape">Lie</attribute>
      <attribute name="color">brown</attribute>
    </box>
  </image>
  <image id="63" name="Br_0930_0364.png" width="640" height="640">
    <box label="갈색 고양이" source="manual" occluded="0" xtl="97.94" ytl="217.33" xbr="525.54" ybr="456.87" z_order="0">
      <attribute name="color">brown</attribute>
      <attribute name="Shape">Lie</attribute>
    </box>
  </image>
  <image id="64" name="Br_0930_0365.png" width="640" height="640">
    <box label="갈색 고양이" source="manual" occluded="0" xtl="243.91" ytl="256.63" xbr="408.58" ybr="388.56" z_order="0">
      <attribute name="color">brown</attribute>
      <attribute name="Shape">Lie</attribute>
    </box>
  </image>
  <image id="65" name="Br_0930_0367.png" width="640" height="640">
    <box label="갈색 고양이" source="manual" occluded="0" xtl="148.50" ytl="209.85" xbr="409.52" ybr="408.21" z_order="0">
      <attribute name="Shape">Lie</attribute>
      <attribute name="color">brown</attribute>
    </box>
  </image>
  <image id="66" name="Br_0930_0369.png" width="640" height="640">
    <box label="갈색 고양이" source="manual" occluded="0" xtl="165.31" ytl="253.82" xbr="455.37" ybr="460.61" z_order="0">
      <attribute name="color">brown</attribute>
      <attribute name="Shape">Lie</attribute>
    </box>
  </image>
  <image id="67" name="Br_0930_0370.png" width="640" height="640">
    <box label="갈색 고양이" source="manual" occluded="0" xtl="106.36" ytl="195.81" xbr="499.34" ybr="464.35" z_order="0">
      <attribute name="color">brown</attribute>
      <attribute name="Shape">Lie</attribute>
    </box>
  </image>
  <image id="68" name="Br_0930_0371.png" width="640" height="640">
    <box label="갈색 고양이" source="manual" occluded="0" xtl="54.90" ytl="248.21" xbr="458.18" ybr="481.19" z_order="0">
      <attribute name="color">brown</attribute>
      <attribute name="Shape">Lie</attribute>
    </box>
  </image>
  <image id="69" name="Br_0930_0372.png" width="640" height="640">
    <box label="갈색 고양이" source="manual" occluded="0" xtl="184.96" ytl="280.02" xbr="430.10" ybr="485.87" z_order="0">
      <attribute name="color">brown</attribute>
      <attribute name="Shape">Lie</attribute>
    </box>
  </image>
  <image id="70" name="Br_0930_0373.png" width="640" height="640">
    <box label="갈색 고양이" source="manual" occluded="0" xtl="38.99" ytl="202.36" xbr="535.84" ybr="467.16" z_order="0">
      <attribute name="color">brown</attribute>
      <attribute name="Shape">Lie</attribute>
    </box>
  </image>
  <image id="71" name="Br_0930_0375.png" width="640" height="640">
    <box label="갈색 고양이" source="manual" occluded="0" xtl="21.22" ytl="132.19" xbr="542.39" ybr="444.70" z_order="0">
      <attribute name="color">brown</attribute>
      <attribute name="Shape">Lie</attribute>
    </box>
  </image>
  <image id="72" name="Br_0930_0376.png" width="640" height="640">
    <box label="갈색 고양이" source="manual" occluded="0" xtl="74.55" ytl="98.50" xbr="565.22" ybr="538.46" z_order="0">
      <attribute name="color">brown</attribute>
      <attribute name="Shape">Lie</attribute>
    </box>
  </image>
  <image id="73" name="Br_0930_0377.png" width="640" height="640">
    <box label="갈색 고양이" source="manual" occluded="0" xtl="117.03" ytl="151.09" xbr="522.18" ybr="465.47" z_order="0">
      <attribute name="color">brown</attribute>
      <attribute name="Shape">Lie</attribute>
    </box>
  </image>
  <image id="74" name="Br_0930_0378.png" width="640" height="640">
    <box label="갈색 고양이" source="manual" occluded="0" xtl="137.61" ytl="194.13" xbr="569.89" ybr="494.48" z_order="0">
      <attribute name="color">brown</attribute>
      <attribute name="Shape">Lie</attribute>
    </box>
  </image>
  <image id="75" name="Br_0930_0379.png" width="640" height="640">
    <box label="갈색 고양이" source="manual" occluded="0" xtl="161.94" ytl="210.97" xbr="544.63" ybr="501.96" z_order="0">
      <attribute name="color">brown</attribute>
      <attribute name="Shape">Lie</attribute>
    </box>
  </image>
  <image id="76" name="Br_0930_0380.png" width="640" height="640">
    <box label="갈색 고양이" source="manual" occluded="0" xtl="101.12" ytl="193.19" xbr="549.31" ybr="485.12" z_order="0">
      <attribute name="color">brown</attribute>
      <attribute name="Shape">Lie</attribute>
    </box>
  </image>
  <image id="77" name="Br_0930_0381.png" width="640" height="640">
    <box label="갈색 고양이" source="manual" occluded="0" xtl="51.53" ytl="244.65" xbr="457.61" ybr="481.38" z_order="0">
      <attribute name="color">brown</attribute>
      <attribute name="Shape">Lie</attribute>
    </box>
  </image>
  <image id="78" name="Br_0930_0382.png" width="640" height="640">
    <box label="갈색 고양이" source="manual" occluded="0" xtl="0.00" ytl="166.99" xbr="593.29" ybr="516.94" z_order="0">
      <attribute name="color">brown</attribute>
      <attribute name="Shape">Lie</attribute>
    </box>
  </image>
  <image id="79" name="Br_0930_0383.png" width="640" height="640">
    <box label="갈색 고양이" source="manual" occluded="0" xtl="196.56" ytl="140.80" xbr="506.27" ybr="506.64" z_order="0">
      <attribute name="color">brown</attribute>
      <attribute name="Shape">Lie</attribute>
    </box>
  </image>
  <image id="80" name="Br_0930_0384.png" width="640" height="640">
    <box label="갈색 고양이" source="manual" occluded="0" xtl="212.47" ytl="163.25" xbr="555.86" ybr="478.57" z_order="0">
      <attribute name="color">brown</attribute>
      <attribute name="Shape">Lie</attribute>
    </box>
  </image>
  <image id="81" name="Br_0930_0385.png" width="640" height="640">
    <box label="갈색 고양이" source="manual" occluded="0" xtl="114.22" ytl="154.83" xbr="485.68" ybr="524.42" z_order="0">
      <attribute name="color">brown</attribute>
      <attribute name="Shape">Lie</attribute>
    </box>
  </image>
  <image id="82" name="Br_0930_0386.png" width="640" height="640">
    <box label="갈색 고양이" source="manual" occluded="0" xtl="37.50" ytl="133.31" xbr="485.68" ybr="533.78" z_order="0">
      <attribute name="Shape">Lie</attribute>
      <attribute name="color">brown</attribute>
    </box>
  </image>
  <image id="83" name="Br_0930_0387.png" width="640" height="640">
    <box label="갈색 고양이" source="manual" occluded="0" xtl="85.22" ytl="260.56" xbr="472.58" ybr="443.95" z_order="0">
      <attribute name="color">brown</attribute>
      <attribute name="Shape">Lie</attribute>
    </box>
  </image>
  <image id="84" name="Br_0930_0388.png" width="640" height="640">
    <box label="갈색 고양이" source="manual" occluded="0" xtl="183.46" ytl="222.20" xbr="422.99" ybr="469.22" z_order="0">
      <attribute name="color">brown</attribute>
      <attribute name="Shape">Lie</attribute>
    </box>
  </image>
  <image id="85" name="Br_0930_0389.png" width="640" height="640">
    <box label="갈색 고양이" source="manual" occluded="0" xtl="89.89" ytl="178.22" xbr="502.53" ybr="447.70" z_order="0">
      <attribute name="color">brown</attribute>
      <attribute name="Shape">Lie</attribute>
    </box>
  </image>
  <image id="86" name="Br_0930_0391.png" width="640" height="640">
    <box label="갈색 고양이" source="manual" occluded="0" xtl="19.60" ytl="133.31" xbr="431.41" ybr="496.35" z_order="0">
      <attribute name="color">brown</attribute>
      <attribute name="Shape">Lie</attribute>
    </box>
  </image>
  <image id="87" name="Br_0930_0392.png" width="640" height="640">
    <box label="갈색 고양이" source="manual" occluded="0" xtl="45.92" ytl="116.47" xbr="640.00" ybr="536.58" z_order="0">
      <attribute name="Shape">Lie</attribute>
      <attribute name="color">brown</attribute>
    </box>
  </image>
  <image id="88" name="Br_0930_0393.png" width="640" height="640">
    <box label="갈색 고양이" source="manual" occluded="0" xtl="66.50" ytl="166.99" xbr="494.10" ybr="462.67" z_order="0">
      <attribute name="color">brown</attribute>
      <attribute name="Shape">Lie</attribute>
    </box>
  </image>
  <image id="89" name="Br_0930_0394.png" width="640" height="640">
    <box label="갈색 고양이" source="manual" occluded="0" xtl="153.52" ytl="150.15" xbr="479.13" ybr="492.61" z_order="0">
      <attribute name="color">brown</attribute>
      <attribute name="Shape">Lie</attribute>
    </box>
  </image>
  <image id="90" name="Br_0930_0395.png" width="640" height="640">
    <box label="갈색 고양이" source="manual" occluded="0" xtl="93.64" ytl="256.82" xbr="593.29" ybr="500.09" z_order="0">
      <attribute name="color">brown</attribute>
      <attribute name="Shape">Lie</attribute>
    </box>
  </image>
  <image id="91" name="Br_0930_0396.png" width="640" height="640">
    <box label="갈색 고양이" source="manual" occluded="0" xtl="108.60" ytl="152.96" xbr="568.96" ybr="443.95" z_order="0">
      <attribute name="color">brown</attribute>
      <attribute name="Shape">Lie</attribute>
    </box>
  </image>
  <image id="92" name="Br_0930_0400.png" width="640" height="640">
    <box label="갈색 고양이" source="manual" occluded="0" xtl="85.22" ytl="181.96" xbr="429.54" ybr="470.15" z_order="0">
      <attribute name="Shape">Lie</attribute>
      <attribute name="color">brown</attribute>
    </box>
  </image>
  <image id="93" name="Br_0930_0401.png" width="640" height="640">
    <box label="갈색 고양이" source="manual" occluded="0" xtl="48.72" ytl="175.41" xbr="566.15" ybr="455.18" z_order="0">
      <attribute name="color">brown</attribute>
      <attribute name="Shape">Lie</attribute>
    </box>
  </image>
  <image id="94" name="Br_0930_0403.png" width="640" height="640">
    <box label="갈색 고양이" source="manual" occluded="0" xtl="33.75" ytl="245.59" xbr="557.73" ybr="452.37" z_order="0">
      <attribute name="color">brown</attribute>
      <attribute name="Shape">Lie</attribute>
    </box>
  </image>
  <image id="95" name="Br_0930_0404.png" width="640" height="640">
    <box label="갈색 고양이" source="manual" occluded="0" xtl="137.61" ytl="183.84" xbr="474.46" ybr="447.70" z_order="0">
      <attribute name="color">brown</attribute>
      <attribute name="Shape">Lie</attribute>
    </box>
  </image>
  <image id="96" name="Br_0930_0405.png" width="640" height="640">
    <box label="갈색 고양이" source="manual" occluded="0" xtl="68.37" ytl="193.19" xbr="595.16" ybr="462.67" z_order="0">
      <attribute name="color">brown</attribute>
      <attribute name="Shape">Lie</attribute>
    </box>
  </image>
  <image id="97" name="Br_0930_0406.png" width="640" height="640">
    <box label="갈색 고양이" source="manual" occluded="0" xtl="109.54" ytl="218.46" xbr="431.41" ybr="411.20" z_order="0">
      <attribute name="color">brown</attribute>
      <attribute name="Shape">Lie</attribute>
    </box>
  </image>
  <image id="98" name="Br_0930_0407.png" width="640" height="640">
    <box label="갈색 고양이" source="manual" occluded="0" xtl="109.54" ytl="152.02" xbr="592.35" ybr="511.32" z_order="0">
      <attribute name="Shape">Lie</attribute>
      <attribute name="color">brown</attribute>
    </box>
  </image>
  <image id="99" name="Br_0930_0408.png" width="640" height="640">
    <box label="갈색 고양이" source="manual" occluded="0" xtl="108.61" ytl="132.37" xbr="568.96" ybr="507.58" z_order="0">
      <attribute name="Shape">Lie</attribute>
      <attribute name="color">brown</attribute>
    </box>
  </image>
  <image id="100" name="Br_0930_0409.png" width="640" height="640">
    <box label="갈색 고양이" source="manual" occluded="0" xtl="102.06" ytl="234.36" xbr="497.85" ybr="495.41" z_order="0">
      <attribute name="color">brown</attribute>
      <attribute name="Shape">Lie</attribute>
    </box>
  </image>
  <image id="101" name="Br_0930_0410.png" width="640" height="640">
    <box label="갈색 고양이" source="manual" occluded="0" xtl="114.22" ytl="154.83" xbr="568.96" ybr="499.16" z_order="0">
      <attribute name="color">brown</attribute>
      <attribute name="Shape">Lie</attribute>
    </box>
  </image>
  <image id="102" name="Br_0930_0411.png" width="640" height="640">
    <box label="갈색 고양이" source="manual" occluded="0" xtl="150.71" ytl="211.91" xbr="437.03" ybr="404.65" z_order="0">
      <attribute name="color">brown</attribute>
      <attribute name="Shape">Lie</attribute>
    </box>
  </image>
  <image id="103" name="Br_0930_0413.png" width="640" height="640">
    <box label="갈색 고양이" source="manual" occluded="0" xtl="289.19" ytl="200.68" xbr="535.28" ybr="418.70" z_order="0">
      <attribute name="color">brown</attribute>
      <attribute name="Shape">Lie</attribute>
    </box>
  </image>
  <image id="104" name="Br_0930_0414.png" width="640" height="640">
    <box label="갈색 고양이" source="manual" occluded="0" xtl="135.37" ytl="85.96" xbr="474.46" ybr="531.72" z_order="0">
      <attribute name="color">brown</attribute>
      <attribute name="Shape">Lie</attribute>
    </box>
  </image>
  <image id="105" name="Br_0930_0415.png" width="640" height="640">
    <box label="갈색 고양이" source="manual" occluded="0" xtl="52.06" ytl="207.56" xbr="586.51" ybr="493.88" z_order="0">
      <attribute name="color">brown</attribute>
      <attribute name="Shape">Lie</attribute>
    </box>
  </image>
  <image id="106" name="Br_0930_0416.png" width="640" height="640">
    <box label="갈색 고양이" source="manual" occluded="0" xtl="159.85" ytl="166.02" xbr="519.14" ybr="488.27" z_order="0">
      <attribute name="color">brown</attribute>
      <attribute name="Shape">Lie</attribute>
    </box>
  </image>
  <image id="107" name="Br_0930_0417.png" width="640" height="640">
    <box label="갈색 고양이" source="manual" occluded="0" xtl="29.60" ytl="208.69" xbr="447.28" ybr="462.44" z_order="0">
      <attribute name="color">brown</attribute>
      <attribute name="Shape">Lie</attribute>
    </box>
  </image>
  <image id="108" name="Br_0930_0419.png" width="640" height="640">
    <box label="갈색 고양이" source="manual" occluded="0" xtl="67.77" ytl="164.90" xbr="528.13" ybr="478.16" z_order="0">
      <attribute name="Shape">Lie</attribute>
      <attribute name="color">brown</attribute>
    </box>
  </image>
  <image id="109" name="Br_0930_0420.png" width="640" height="640">
    <box label="갈색 고양이" source="manual" occluded="0" xtl="98.09" ytl="145.81" xbr="525.88" ybr="534.30" z_order="0">
      <attribute name="Shape">Lie</attribute>
      <attribute name="color">brown</attribute>
    </box>
  </image>
  <image id="110" name="Br_0930_0421.png" width="640" height="640">
    <box label="갈색 고양이" source="manual" occluded="0" xtl="127.28" ytl="217.67" xbr="575.28" ybr="451.21" z_order="0">
      <attribute name="color">brown</attribute>
      <attribute name="Shape">Lie</attribute>
    </box>
  </image>
  <image id="111" name="Br_0930_0423.png" width="640" height="640">
    <box label="갈색 고양이" source="manual" occluded="0" xtl="128.41" ytl="306.37" xbr="529.25" ybr="607.28" z_order="0">
      <attribute name="color">brown</attribute>
      <attribute name="Shape">Lie</attribute>
    </box>
  </image>
  <image id="112" name="Br_0930_0425.png" width="640" height="640">
    <box label="갈색 고양이" source="manual" occluded="0" xtl="110.44" ytl="180.62" xbr="546.09" ybr="486.02" z_order="0">
      <attribute name="Shape">Lie</attribute>
      <attribute name="color">brown</attribute>
    </box>
  </image>
  <image id="113" name="Br_0930_0426.png" width="640" height="640">
    <box label="갈색 고양이" source="manual" occluded="0" xtl="190.16" ytl="153.67" xbr="471.99" ybr="508.48" z_order="0">
      <attribute name="color">brown</attribute>
      <attribute name="Shape">Lie</attribute>
    </box>
  </image>
  <image id="114" name="Br_0930_0427.png" width="640" height="640">
    <box label="갈색 고양이" source="manual" occluded="0" xtl="44.20" ytl="261.46" xbr="576.41" ybr="452.34" z_order="0">
      <attribute name="Shape">Lie</attribute>
      <attribute name="color">brown</attribute>
    </box>
  </image>
  <image id="115" name="Br_0930_0429.png" width="640" height="640">
    <box label="갈색 고양이" source="manual" occluded="0" xtl="83.90" ytl="201.95" xbr="549.46" ybr="451.21" z_order="0">
      <attribute name="color">brown</attribute>
      <attribute name="Shape">Lie</attribute>
    </box>
  </image>
  <image id="116" name="Br_0930_0430.png" width="640" height="640">
    <box label="갈색 고양이" source="manual" occluded="0" xtl="110.80" ytl="122.23" xbr="547.21" ybr="472.55" z_order="0">
      <attribute name="color">brown</attribute>
      <attribute name="Shape">Lie</attribute>
    </box>
  </image>
  <image id="117" name="Br_0930_0431.png" width="640" height="640">
    <box label="갈색 고양이" source="manual" occluded="0" xtl="139.40" ytl="158.16" xbr="465.25" ybr="517.30" z_order="0">
      <attribute name="Shape">Lie</attribute>
      <attribute name="color">brown</attribute>
    </box>
  </image>
  <image id="118" name="Br_0930_0432.png" width="640" height="640">
    <box label="갈색 고양이" source="manual" occluded="0" xtl="141.88" ytl="273.81" xbr="496.69" ybr="367.00" z_order="0">
      <attribute name="color">brown</attribute>
      <attribute name="Shape">Lie</attribute>
    </box>
  </image>
  <image id="119" name="Br_0930_0433.png" width="640" height="640">
    <box label="갈색 고양이" source="manual" occluded="0" xtl="46.44" ytl="217.67" xbr="564.06" ybr="455.70" z_order="0">
      <attribute name="color">brown</attribute>
      <attribute name="Shape">Lie</attribute>
    </box>
  </image>
  <image id="120" name="Br_0930_0435.png" width="640" height="640">
    <box label="갈색 고양이" source="manual" occluded="0" xtl="149.00" ytl="252.48" xbr="537.80" ybr="451.20" z_order="0">
      <attribute name="color">brown</attribute>
      <attribute name="Shape">Lie</attribute>
    </box>
  </image>
  <image id="121" name="Br_0930_0436.png" width="640" height="640">
    <box label="갈색 고양이" source="manual" occluded="0" xtl="83.49" ytl="191.85" xbr="533.74" ybr="478.16" z_order="0">
      <attribute name="Shape">Lie</attribute>
      <attribute name="color">brown</attribute>
    </box>
  </image>
  <image id="122" name="Br_0930_0437.png" width="640" height="640">
    <box label="갈색 고양이" source="manual" occluded="0" xtl="86.10" ytl="95.28" xbr="588.00" ybr="517.10" z_order="0">
      <attribute name="color">brown</attribute>
      <attribute name="Shape">Lie</attribute>
    </box>
  </image>
  <image id="123" name="Br_0930_0438.png" width="640" height="640">
    <box label="갈색 고양이" source="manual" occluded="0" xtl="107.10" ytl="175.00" xbr="550.58" ybr="460.20" z_order="0">
      <attribute name="Shape">Lie</attribute>
      <attribute name="color">brown</attribute>
    </box>
  </image>
  <image id="124" name="Br_0930_0439.png" width="640" height="640">
    <box label="갈색 고양이" source="manual" occluded="0" xtl="100.34" ytl="314.23" xbr="561.81" ybr="488.27" z_order="0">
      <attribute name="color">brown</attribute>
      <attribute name="Shape">Lie</attribute>
    </box>
  </image>
  <image id="125" name="Br_0930_0440.png" width="640" height="640">
    <box label="갈색 고양이" source="manual" occluded="0" xtl="68.90" ytl="194.09" xbr="460.76" ybr="466.93" z_order="0">
      <attribute name="color">brown</attribute>
      <attribute name="Shape">Lie</attribute>
    </box>
  </image>
  <image id="126" name="Br_0930_0441.png" width="640" height="640">
    <box label="갈색 고양이" source="manual" occluded="0" xtl="48.69" ytl="141.32" xbr="379.90" ybr="511.80" z_order="0">
      <attribute name="Shape">Lie</attribute>
      <attribute name="color">brown</attribute>
    </box>
  </image>
  <image id="127" name="Br_0930_0445.png" width="640" height="640">
    <box label="갈색 고양이" source="manual" occluded="0" xtl="143.00" ytl="255.85" xbr="345.11" ybr="463.56" z_order="0">
      <attribute name="color">brown</attribute>
      <attribute name="Shape">Lie</attribute>
    </box>
  </image>
  <image id="128" name="Br_0930_0447.png" width="640" height="640">
    <box label="갈색 고양이" source="manual" occluded="0" xtl="118.30" ytl="189.60" xbr="550.58" ybr="465.81" z_order="0">
      <attribute name="Shape">Lie</attribute>
      <attribute name="color">brown</attribute>
    </box>
  </image>
  <image id="129" name="Br_0930_0448.png" width="640" height="640">
    <box label="갈색 고양이" source="manual" occluded="0" xtl="113.81" ytl="152.55" xbr="568.55" ybr="504.00" z_order="0">
      <attribute name="color">brown</attribute>
      <attribute name="Shape">Lie</attribute>
    </box>
  </image>
  <image id="130" name="Br_0930_0451.png" width="640" height="640">
    <box label="갈색 고양이" source="manual" occluded="0" xtl="123.92" ytl="188.48" xbr="561.81" ybr="410.79" z_order="0">
      <attribute name="color">brown</attribute>
      <attribute name="Shape">Lie</attribute>
    </box>
  </image>
  <image id="131" name="Br_0930_0452.png" width="640" height="640">
    <box label="갈색 고양이" source="manual" occluded="0" xtl="218.23" ytl="246.86" xbr="519.14" ybr="469.18" z_order="0">
      <attribute name="color">brown</attribute>
      <attribute name="Shape">Lie</attribute>
    </box>
  </image>
  <image id="132" name="Br_0930_0453.png" width="640" height="640">
    <box label="갈색 고양이" source="manual" occluded="0" xtl="113.81" ytl="154.79" xbr="514.65" ybr="496.13" z_order="0">
      <attribute name="Shape">Lie</attribute>
      <attribute name="color">brown</attribute>
    </box>
  </image>
  <image id="133" name="Br_0930_0455.png" width="640" height="640">
    <box label="갈색 고양이" source="manual" occluded="0" xtl="48.69" ytl="95.28" xbr="560.69" ybr="572.48" z_order="0">
      <attribute name="Shape">Lie</attribute>
      <attribute name="color">brown</attribute>
    </box>
  </image>
  <image id="134" name="Br_0930_0457.png" width="640" height="640">
    <box label="갈색 고양이" source="manual" occluded="0" xtl="210.37" ytl="177.25" xbr="492.20" ybr="443.35" z_order="0">
      <attribute name="Shape">Lie</attribute>
      <attribute name="color">brown</attribute>
    </box>
  </image>
  <image id="135" name="Br_0930_0458.png" width="640" height="640">
    <box label="갈색 고양이" source="manual" occluded="0" xtl="82.37" ytl="122.23" xbr="551.70" ybr="512.97" z_order="0">
      <attribute name="color">brown</attribute>
      <attribute name="Shape">Lie</attribute>
    </box>
  </image>
  <image id="136" name="Br_0930_0461.png" width="640" height="640">
    <box label="갈색 고양이" source="manual" occluded="0" xtl="84.62" ytl="203.07" xbr="543.85" ybr="396.20" z_order="0">
      <attribute name="color">brown</attribute>
      <attribute name="Shape">Lie</attribute>
    </box>
  </image>
  <image id="137" name="Br_0930_0462.png" width="640" height="640">
    <box label="갈색 고양이" source="manual" occluded="0" xtl="70.02" ytl="177.25" xbr="569.67" ybr="480.41" z_order="0">
      <attribute name="color">brown</attribute>
      <attribute name="Shape">Lie</attribute>
    </box>
  </image>
  <image id="138" name="Br_0930_0467.png" width="640" height="640">
    <box label="갈색 고양이" source="manual" occluded="0" xtl="159.85" ytl="218.79" xbr="438.30" ybr="426.51" z_order="0">
      <attribute name="Shape">Lie</attribute>
      <attribute name="color">brown</attribute>
    </box>
  </image>
  <image id="139" name="Br_0930_0468.png" width="640" height="640">
    <box label="갈색 고양이" source="manual" occluded="0" xtl="71.10" ytl="223.28" xbr="564.06" ybr="408.55" z_order="0">
      <attribute name="Shape">Lie</attribute>
      <attribute name="color">brown</attribute>
    </box>
  </image>
  <image id="140" name="Br_0930_0470.png" width="640" height="640">
    <box label="갈색 고양이" source="manual" occluded="0" xtl="79.00" ytl="208.69" xbr="561.81" ybr="434.37" z_order="0">
      <attribute name="Shape">Lie</attribute>
      <attribute name="color">brown</attribute>
    </box>
  </image>
  <image id="141" name="Br_0930_0472.png" width="640" height="640">
    <box label="갈색 고양이" source="manual" occluded="0" xtl="87.99" ytl="150.30" xbr="564.06" ybr="508.48" z_order="0">
      <attribute name="color">brown</attribute>
      <attribute name="Shape">Lie</attribute>
    </box>
  </image>
  <image id="142" name="Br_0930_0474.png" width="640" height="640">
    <box label="갈색 고양이" source="manual" occluded="0" xtl="76.80" ytl="136.83" xbr="523.63" ybr="523.07" z_order="0">
      <attribute name="color">brown</attribute>
      <attribute name="Shape">Lie</attribute>
    </box>
  </image>
  <image id="143" name="Br_0930_0476.png" width="640" height="640">
    <box label="갈색 고양이" source="manual" occluded="0" xtl="200.27" ytl="217.67" xbr="440.55" ybr="429.88" z_order="0">
      <attribute name="Shape">Lie</attribute>
      <attribute name="color">brown</attribute>
    </box>
  </image>
  <image id="144" name="Br_0930_0481.png" width="640" height="640">
    <box label="갈색 고양이" source="manual" occluded="0" xtl="71.14" ytl="267.07" xbr="534.86" ybr="409.67" z_order="0">
      <attribute name="Shape">Lie</attribute>
      <attribute name="color">brown</attribute>
    </box>
  </image>
  <image id="145" name="Br_0930_0482.png" width="640" height="640">
    <box label="갈색 고양이" source="manual" occluded="0" xtl="84.62" ytl="105.39" xbr="501.18" ybr="557.88" z_order="0">
      <attribute name="color">brown</attribute>
      <attribute name="Shape">Lie</attribute>
    </box>
  </image>
  <image id="146" name="Br_0930_0484.png" width="640" height="640">
    <box label="갈색 고양이" source="manual" occluded="0" xtl="71.14" ytl="105.39" xbr="543.85" ybr="557.88" z_order="0">
      <attribute name="Shape">Lie</attribute>
      <attribute name="color">brown</attribute>
    </box>
  </image>
  <image id="147" name="Br_0930_0485.png" width="640" height="640">
    <box label="갈색 고양이" source="manual" occluded="0" xtl="71.14" ytl="139.10" xbr="532.62" ybr="512.97" z_order="0">
      <attribute name="color">brown</attribute>
      <attribute name="Shape">Lie</attribute>
    </box>
  </image>
  <image id="148" name="Br_0930_0488.png" width="640" height="640">
    <box label="갈색 고양이" source="manual" occluded="0" xtl="77.88" ytl="134.36" xbr="561.81" ybr="510.50" z_order="0">
      <attribute name="color">brown</attribute>
      <attribute name="Shape">Lie</attribute>
    </box>
  </image>
  <image id="149" name="Br_0930_0489.png" width="640" height="640">
    <box label="갈색 고양이" source="manual" occluded="0" xtl="138.51" ytl="226.43" xbr="520.27" ybr="485.80" z_order="0">
      <attribute name="color">brown</attribute>
      <attribute name="Shape">Lie</attribute>
    </box>
  </image>
  <image id="150" name="Br_0930_0491.png" width="640" height="640">
    <box label="갈색 고양이" source="manual" occluded="0" xtl="95.10" ytl="198.36" xbr="494.44" ybr="506.01" z_order="0">
      <attribute name="color">brown</attribute>
      <attribute name="Shape">Lie</attribute>
    </box>
  </image>
  <image id="151" name="Br_0930_0492.png" width="640" height="640">
    <box label="갈색 고양이" source="manual" occluded="0" xtl="71.14" ytl="182.64" xbr="547.20" ybr="458.85" z_order="0">
      <attribute name="Shape">Lie</attribute>
      <attribute name="color">brown</attribute>
    </box>
  </image>
  <image id="152" name="Br_0930_0496.png" width="640" height="640">
    <box label="갈색 고양이" source="manual" occluded="0" xtl="20.10" ytl="161.10" xbr="507.20" ybr="491.20" z_order="0">
      <attribute name="Shape">Lie</attribute>
      <attribute name="color">brown</attribute>
    </box>
  </image>
  <image id="153" name="Br_0930_0498.png" width="640" height="640">
    <box label="갈색 고양이" source="manual" occluded="0" xtl="72.27" ytl="188.25" xbr="556.20" ybr="452.11" z_order="0">
      <attribute name="color">brown</attribute>
      <attribute name="Shape">Lie</attribute>
    </box>
  </image>
  <image id="154" name="Br_0930_0499.png" width="640" height="640">
    <box label="갈색 고양이" source="manual" occluded="0" xtl="71.14" ytl="138.85" xbr="568.55" ybr="499.27" z_order="0">
      <attribute name="Shape">Lie</attribute>
      <attribute name="color">brown</attribute>
    </box>
  </image>
  <image id="155" name="Br_0930_0500.png" width="640" height="640">
    <box label="갈색 고양이" source="manual" occluded="0" xtl="174.44" ytl="251.13" xbr="454.02" ybr="399.34" z_order="0">
      <attribute name="color">brown</attribute>
      <attribute name="Shape">Lie</attribute>
    </box>
  </image>
  <image id="156" name="Br_0930_0501.png" width="640" height="640">
    <box label="갈색 고양이" source="manual" occluded="0" xtl="72.27" ytl="159.06" xbr="568.55" ybr="521.73" z_order="0">
      <attribute name="Shape">Lie</attribute>
      <attribute name="color">brown</attribute>
    </box>
  </image>
  <image id="157" name="Br_0930_0502.png" width="640" height="640">
    <box label="갈색 고양이" source="manual" occluded="0" xtl="90.20" ytl="170.29" xbr="562.93" ybr="483.55" z_order="0">
      <attribute name="Shape">Lie</attribute>
      <attribute name="color">brown</attribute>
    </box>
  </image>
  <image id="158" name="Br_0930_0504.png" width="640" height="640">
    <box label="갈색 고양이" source="manual" occluded="0" xtl="71.14" ytl="133.23" xbr="539.35" ybr="519.48" z_order="0">
      <attribute name="Shape">Lie</attribute>
      <attribute name="color">brown</attribute>
    </box>
  </image>
  <image id="159" name="Br_0930_0505.png" width="640" height="640">
    <box label="갈색 고양이" source="manual" occluded="0" xtl="162.30" ytl="200.60" xbr="466.37" ybr="447.62" z_order="0">
      <attribute name="Shape">Lie</attribute>
      <attribute name="color">brown</attribute>
    </box>
  </image>
  <image id="160" name="Br_0930_0506.png" width="640" height="640">
    <box label="갈색 고양이" source="manual" occluded="0" xtl="197.30" ytl="221.94" xbr="469.74" ybr="431.90" z_order="0">
      <attribute name="Shape">Lie</attribute>
      <attribute name="color">brown</attribute>
    </box>
  </image>
  <image id="161" name="Br_0930_0507.png" width="640" height="640">
    <box label="갈색 고양이" source="manual" occluded="0" xtl="132.10" ytl="166.92" xbr="569.67" ybr="482.43" z_order="0">
      <attribute name="Shape">Lie</attribute>
      <attribute name="color">brown</attribute>
    </box>
  </image>
  <image id="162" name="Br_0930_0508.png" width="640" height="640">
    <box label="갈색 고양이" source="manual" occluded="0" xtl="125.04" ytl="297.16" xbr="465.25" ybr="600.32" z_order="0">
      <attribute name="Shape">Lie</attribute>
      <attribute name="color">brown</attribute>
    </box>
  </image>
  <image id="163" name="Br_0930_0509.png" width="640" height="640">
    <box label="갈색 고양이" source="manual" occluded="0" xtl="85.00" ytl="207.12" xbr="535.50" ybr="471.02" z_order="0">
      <attribute name="Shape">Lie</attribute>
      <attribute name="color">brown</attribute>
    </box>
  </image>
  <image id="164" name="Br_0930_0515.png" width="640" height="640">
    <box label="갈색 고양이" source="manual" occluded="0" xtl="195.32" ytl="236.38" xbr="443.50" ybr="401.99" z_order="0">
      <attribute name="Shape">Lie</attribute>
      <attribute name="color">brown</attribute>
    </box>
  </image>
  <image id="165" name="Br_0930_0516.png" width="640" height="640">
    <box label="갈색 고양이" source="manual" occluded="0" xtl="93.90" ytl="178.78" xbr="548.66" ybr="502.53" z_order="0">
      <attribute name="color">brown</attribute>
      <attribute name="Shape">Lie</attribute>
    </box>
  </image>
  <image id="166" name="Br_0930_0517.png" width="640" height="640">
    <box label="갈색 고양이" source="manual" occluded="0" xtl="107.11" ytl="188.98" xbr="530.03" ybr="447.23" z_order="0">
      <attribute name="Shape">Lie</attribute>
      <attribute name="color">brown</attribute>
    </box>
  </image>
  <image id="167" name="Br_0930_0518.png" width="640" height="640">
    <box label="갈색 고양이" source="manual" occluded="0" xtl="150.20" ytl="238.57" xbr="498.22" ybr="440.68" z_order="0">
      <attribute name="color">brown</attribute>
      <attribute name="Shape">Lie</attribute>
    </box>
  </image>
</annotations>
