<?xml version="1.0" encoding="utf-8"?>
<annotations>
  <version>1.1</version>
  <meta>
    <job>
      <id>1293242</id>
      <size>75</size>
      <mode>annotation</mode>
      <overlap>0</overlap>
      <bugtracker></bugtracker>
      <created>2024-10-08 05:32:51.635491+00:00</created>
      <updated>2024-10-08 05:56:13.162527+00:00</updated>
      <subset>default</subset>
      <start_frame>0</start_frame>
      <stop_frame>74</stop_frame>
      <frame_filter></frame_filter>
      <segments>
        <segment>
          <id>1295643</id>
          <start>0</start>
          <stop>74</stop>
          <url>https://app.cvat.ai/api/jobs/1293242</url>
        </segment>
      </segments>
      <owner>
        <username>03322</username>
        <email>kanda070711@gmail.com</email>
      </owner>
      <assignee></assignee>
      <labels>
        <label>
          <name>갈색 고양이</name>
          <color>#ff6037</color>
          <type>any</type>
          <attributes>
            <attribute>
              <name>color</name>
              <mutable>False</mutable>
              <input_type>select</input_type>
              <default_value>Brown</default_value>
              <values>Brown</values>
            </attribute>
            <attribute>
              <name>Shape</name>
              <mutable>False</mutable>
              <input_type>select</input_type>
              <default_value>Stand</default_value>
              <values>Stand
Sit
Lie</values>
            </attribute>
          </attributes>
        </label>
      </labels>
    </job>
    <dumped>2024-10-08 05:57:12.964238+00:00</dumped>
  </meta>
  <image id="0" name="Br_so_0001.png" width="640" height="640">
    <box label="갈색 고양이" source="manual" occluded="0" xtl="140.31" ytl="159.40" xbr="478.27" ybr="472.66" z_order="0">
      <attribute name="color">Brown</attribute>
      <attribute name="Shape">Stand</attribute>
    </box>
  </image>
  <image id="1" name="Br_so_0002.png" width="640" height="640">
    <box label="갈색 고양이" source="manual" occluded="0" xtl="171.75" ytl="208.80" xbr="447.96" ybr="408.66" z_order="0">
      <attribute name="color">Brown</attribute>
      <attribute name="Shape">Lie</attribute>
    </box>
  </image>
  <image id="2" name="Br_so_0003.png" width="640" height="640">
    <box label="갈색 고양이" source="manual" occluded="0" xtl="194.20" ytl="216.66" xbr="433.36" ybr="460.31" z_order="0">
      <attribute name="color">Brown</attribute>
      <attribute name="Shape">Sit</attribute>
    </box>
  </image>
  <image id="3" name="Br_so_0004.png" width="640" height="640">
    <box label="갈색 고양이" source="manual" occluded="0" xtl="130.20" ytl="253.71" xbr="527.68" ybr="409.78" z_order="0">
      <attribute name="color">Brown</attribute>
      <attribute name="Shape">Lie</attribute>
    </box>
  </image>
  <image id="4" name="Br_so_0005.png" width="640" height="640">
    <box label="갈색 고양이" source="manual" occluded="0" xtl="180.73" ytl="159.40" xbr="441.22" ybr="480.52" z_order="0">
      <attribute name="color">Brown</attribute>
      <attribute name="Shape">Sit</attribute>
    </box>
  </image>
  <image id="5" name="Br_so_0006.png" width="640" height="640">
    <box label="갈색 고양이" source="manual" occluded="0" xtl="78.55" ytl="195.33" xbr="517.57" ybr="460.31" z_order="0">
      <attribute name="color">Brown</attribute>
      <attribute name="Shape">Lie</attribute>
    </box>
  </image>
  <image id="6" name="Br_so_0007.png" width="640" height="640">
    <box label="갈색 고양이" source="manual" occluded="0" xtl="108.87" ytl="182.97" xbr="540.03" ybr="416.52" z_order="0">
      <attribute name="color">Brown</attribute>
      <attribute name="Shape">Sit</attribute>
    </box>
  </image>
  <image id="7" name="Br_so_0008.png" width="640" height="640">
    <box label="갈색 고양이" source="manual" occluded="0" xtl="79.68" ytl="180.73" xbr="534.41" ybr="449.08" z_order="0">
      <attribute name="color">Brown</attribute>
      <attribute name="Shape">Lie</attribute>
    </box>
  </image>
  <image id="8" name="Br_so_0009.png" width="640" height="640">
    <box label="갈색 고양이" source="manual" occluded="0" xtl="206.55" ytl="177.36" xbr="396.31" ybr="480.52" z_order="0">
      <attribute name="color">Brown</attribute>
      <attribute name="Shape">Sit</attribute>
    </box>
  </image>
  <image id="9" name="Br_so_0010.png" width="640" height="640">
    <box label="갈색 고양이" source="manual" occluded="0" xtl="153.78" ytl="168.38" xbr="438.97" ybr="442.34" z_order="0">
      <attribute name="color">Brown</attribute>
      <attribute name="Shape">Lie</attribute>
    </box>
  </image>
  <image id="11" name="Br_so_0012.png" width="640" height="640">
    <box label="갈색 고양이" source="manual" occluded="0" xtl="176.24" ytl="181.85" xbr="493.99" ybr="460.31" z_order="0">
      <attribute name="color">Brown</attribute>
      <attribute name="Shape">Stand</attribute>
    </box>
  </image>
  <image id="12" name="Br_so_0013.png" width="640" height="640">
    <box label="갈색 고양이" source="manual" occluded="0" xtl="186.34" ytl="159.40" xbr="481.64" ybr="478.27" z_order="0">
      <attribute name="color">Brown</attribute>
      <attribute name="Shape">Lie</attribute>
    </box>
  </image>
  <image id="13" name="Br_so_0014.png" width="640" height="640">
    <box label="갈색 고양이" source="manual" occluded="0" xtl="173.99" ytl="177.36" xbr="542.27" ybr="472.70" z_order="0">
      <attribute name="color">Brown</attribute>
      <attribute name="Shape">Lie</attribute>
    </box>
  </image>
  <image id="15" name="Br_so_0016.png" width="640" height="640">
    <box label="갈색 고양이" source="manual" occluded="0" xtl="144.80" ytl="177.36" xbr="495.12" ybr="469.29" z_order="0">
      <attribute name="color">Brown</attribute>
      <attribute name="Shape">Lie</attribute>
    </box>
  </image>
  <image id="16" name="Br_so_0017.png" width="640" height="640">
    <box label="갈색 고양이" source="manual" occluded="0" xtl="113.36" ytl="208.80" xbr="525.43" ybr="399.68" z_order="0">
      <attribute name="color">Brown</attribute>
      <attribute name="Shape">Lie</attribute>
    </box>
  </image>
  <image id="17" name="Br_so_0018.png" width="640" height="640">
    <box label="갈색 고양이" source="manual" occluded="0" xtl="113.36" ytl="195.33" xbr="556.87" ybr="441.22" z_order="0">
      <attribute name="color">Brown</attribute>
      <attribute name="Shape">Lie</attribute>
    </box>
  </image>
  <image id="18" name="Br_so_0019.png" width="640" height="640">
    <box label="갈색 고양이" source="manual" occluded="0" xtl="212.47" ytl="168.25" xbr="411.46" ybr="471.48" z_order="0">
      <attribute name="color">Brown</attribute>
      <attribute name="Shape">Sit</attribute>
    </box>
  </image>
  <image id="19" name="Br_so_0020.png" width="640" height="640">
    <box label="갈색 고양이" source="manual" occluded="0" xtl="172.98" ytl="198.13" xbr="416.63" ybr="460.87" z_order="0">
      <attribute name="color">Brown</attribute>
      <attribute name="Shape">Sit</attribute>
    </box>
  </image>
  <image id="20" name="Br_so_0021.png" width="640" height="640">
    <box label="갈색 고양이" source="manual" occluded="0" xtl="129.19" ytl="225.08" xbr="487.37" ybr="469.85" z_order="0">
      <attribute name="color">Brown</attribute>
      <attribute name="Shape">Sit</attribute>
    </box>
  </image>
  <image id="21" name="Br_so_0022.png" width="640" height="640">
    <box label="갈색 고양이" source="manual" occluded="0" xtl="147.04" ytl="173.43" xbr="412.14" ybr="475.50" z_order="0">
      <attribute name="color">Brown</attribute>
      <attribute name="Shape">Sit</attribute>
    </box>
  </image>
  <image id="22" name="Br_so_0023.png" width="640" height="640">
    <box label="갈색 고양이" source="manual" occluded="0" xtl="130.20" ytl="162.20" xbr="504.21" ybr="474.34" z_order="0">
      <attribute name="color">Brown</attribute>
      <attribute name="Shape">Stand</attribute>
    </box>
  </image>
  <image id="23" name="Br_so_0024.png" width="640" height="640">
    <box label="갈색 고양이" source="manual" occluded="0" xtl="241.36" ytl="166.69" xbr="387.44" ybr="464.24" z_order="0">
      <attribute name="color">Brown</attribute>
      <attribute name="Shape">Sit</attribute>
    </box>
  </image>
  <image id="24" name="Br_so_0025.png" width="640" height="640">
    <box label="갈색 고양이" source="manual" occluded="0" xtl="148.28" ytl="175.68" xbr="481.75" ybr="458.62" z_order="0">
      <attribute name="color">Brown</attribute>
      <attribute name="Shape">Sit</attribute>
    </box>
  </image>
  <image id="25" name="Br_so_0026.png" width="640" height="640">
    <box label="갈색 고양이" source="manual" occluded="0" xtl="158.39" ytl="171.19" xbr="490.74" ybr="470.97" z_order="0">
      <attribute name="color">Brown</attribute>
      <attribute name="Shape">Lie</attribute>
    </box>
  </image>
  <image id="26" name="Br_so_0027.png" width="640" height="640">
    <box label="갈색 고양이" source="manual" occluded="0" xtl="139.30" ytl="172.31" xbr="499.72" ybr="473.22" z_order="0">
      <attribute name="color">Brown</attribute>
      <attribute name="Shape">Sit</attribute>
    </box>
  </image>
  <image id="27" name="Br_so_0028.png" width="640" height="640">
    <box label="갈색 고양이" source="manual" occluded="0" xtl="222.27" ytl="186.90" xbr="450.32" ybr="438.41" z_order="0">
      <attribute name="color">Brown</attribute>
      <attribute name="Shape">Sit</attribute>
    </box>
  </image>
  <image id="28" name="Br_so_0029.png" width="640" height="640">
    <box label="갈색 고양이" source="manual" occluded="0" xtl="203.30" ytl="172.31" xbr="468.28" ybr="466.48" z_order="0">
      <attribute name="color">Brown</attribute>
      <attribute name="Shape">Lie</attribute>
    </box>
  </image>
  <image id="29" name="Br_so_0030.png" width="640" height="640">
    <box label="갈색 고양이" source="manual" occluded="0" xtl="192.07" ytl="201.50" xbr="421.12" ybr="456.38" z_order="0">
      <attribute name="color">Brown</attribute>
      <attribute name="Shape">Lie</attribute>
    </box>
  </image>
  <image id="30" name="Br_so_0031.png" width="640" height="640">
    <box label="갈색 고양이" source="manual" occluded="0" xtl="148.28" ytl="228.45" xbr="524.42" ybr="453.01" z_order="0">
      <attribute name="color">Brown</attribute>
      <attribute name="Shape">Lie</attribute>
    </box>
  </image>
  <image id="31" name="Br_so_0032.png" width="640" height="640">
    <box label="갈색 고양이" source="manual" occluded="0" xtl="181.96" ytl="190.27" xbr="513.19" ybr="464.24" z_order="0">
      <attribute name="color">Brown</attribute>
      <attribute name="Shape">Sit</attribute>
    </box>
  </image>
  <image id="32" name="Br_so_0033.png" width="640" height="640">
    <box label="갈색 고양이" source="manual" occluded="0" xtl="319.96" ytl="171.19" xbr="462.67" ybr="469.85" z_order="0">
      <attribute name="color">Brown</attribute>
      <attribute name="Shape">Stand</attribute>
    </box>
  </image>
  <image id="33" name="Br_so_0034.png" width="640" height="640">
    <box label="갈색 고양이" source="manual" occluded="0" xtl="147.05" ytl="170.06" xbr="442.46" ybr="479.96" z_order="0">
      <attribute name="color">Brown</attribute>
      <attribute name="Shape">Lie</attribute>
    </box>
  </image>
  <image id="34" name="Br_so_0035.png" width="640" height="640">
    <box label="갈색 고양이" source="manual" occluded="0" xtl="131.44" ytl="188.03" xbr="472.77" ybr="437.29" z_order="0">
      <attribute name="color">Brown</attribute>
      <attribute name="Shape">Sit</attribute>
    </box>
  </image>
  <image id="35" name="Br_so_0036.png" width="640" height="640">
    <box label="갈색 고양이" source="manual" occluded="0" xtl="152.77" ytl="179.05" xbr="524.42" ybr="455.26" z_order="0">
      <attribute name="color">Brown</attribute>
      <attribute name="Shape">Lie</attribute>
    </box>
  </image>
  <image id="36" name="Br_so_0037.png" width="640" height="640">
    <box label="갈색 고양이" source="manual" occluded="0" xtl="204.42" ytl="170.06" xbr="450.32" ybr="469.85" z_order="0">
      <attribute name="color">Brown</attribute>
      <attribute name="Shape">Sit</attribute>
    </box>
  </image>
  <image id="37" name="Br_so_0038.png" width="640" height="640">
    <box label="갈색 고양이" source="manual" occluded="0" xtl="140.42" ytl="230.69" xbr="551.37" ybr="475.47" z_order="0">
      <attribute name="color">Brown</attribute>
      <attribute name="Shape">Lie</attribute>
    </box>
  </image>
  <image id="38" name="Br_so_0039.png" width="640" height="640">
    <box label="갈색 고양이" source="manual" occluded="0" xtl="206.67" ytl="195.89" xbr="448.07" ybr="457.50" z_order="0">
      <attribute name="color">Brown</attribute>
      <attribute name="Shape">Sit</attribute>
    </box>
  </image>
  <image id="39" name="Br_so_0040.png" width="640" height="640">
    <box label="갈색 고양이" source="manual" occluded="0" xtl="101.12" ytl="192.52" xbr="535.65" ybr="435.05" z_order="0">
      <attribute name="color">Brown</attribute>
      <attribute name="Shape">Lie</attribute>
    </box>
  </image>
  <image id="40" name="Br_so_0041.png" width="640" height="640">
    <box label="갈색 고양이" source="manual" occluded="0" xtl="172.98" ytl="258.76" xbr="387.44" ybr="445.15" z_order="0">
      <attribute name="color">Brown</attribute>
      <attribute name="Shape">Sit</attribute>
    </box>
  </image>
  <image id="41" name="Br_so_0042.png" width="640" height="640">
    <box label="갈색 고양이" source="manual" occluded="0" xtl="128.07" ytl="225.08" xbr="517.68" ybr="431.68" z_order="0">
      <attribute name="color">Brown</attribute>
      <attribute name="Shape">Lie</attribute>
    </box>
  </image>
  <image id="42" name="Br_so_0043.png" width="640" height="640">
    <box label="갈색 고양이" source="manual" occluded="0" xtl="271.79" ytl="185.78" xbr="388.56" ybr="468.73" z_order="0">
      <attribute name="color">Brown</attribute>
      <attribute name="Shape">Stand</attribute>
    </box>
  </image>
  <image id="43" name="Br_so_0044.png" width="640" height="640">
    <box label="갈색 고양이" source="manual" occluded="0" xtl="231.37" ytl="168.94" xbr="411.02" ybr="475.47" z_order="0">
      <attribute name="color">Brown</attribute>
      <attribute name="Shape">Sit</attribute>
    </box>
  </image>
  <image id="44" name="Br_so_0045.png" width="640" height="640">
    <box label="갈색 고양이" source="manual" occluded="0" xtl="103.37" ytl="202.62" xbr="544.63" ybr="463.12" z_order="0">
      <attribute name="color">Brown</attribute>
      <attribute name="Shape">Lie</attribute>
    </box>
  </image>
  <image id="45" name="Br_so_0046.png" width="640" height="640">
    <box label="갈색 고양이" source="manual" occluded="0" xtl="99.89" ytl="194.76" xbr="499.72" ybr="444.03" z_order="0">
      <attribute name="color">Brown</attribute>
      <attribute name="Shape">Lie</attribute>
    </box>
  </image>
  <image id="46" name="Br_so_0047.png" width="640" height="640">
    <box label="갈색 고양이" source="manual" occluded="0" xtl="234.62" ytl="190.27" xbr="452.56" ybr="433.92" z_order="0">
      <attribute name="color">Brown</attribute>
      <attribute name="Shape">Sit</attribute>
    </box>
  </image>
  <image id="47" name="Br_so_0048.png" width="640" height="640">
    <box label="갈색 고양이" source="manual" occluded="0" xtl="196.45" ytl="182.41" xbr="378.46" ybr="437.29" z_order="0">
      <attribute name="color">Brown</attribute>
      <attribute name="Shape">Sit</attribute>
    </box>
  </image>
  <image id="48" name="Br_so_0049.png" width="640" height="640">
    <box label="갈색 고양이" source="manual" occluded="0" xtl="233.50" ytl="180.17" xbr="459.30" ybr="460.87" z_order="0">
      <attribute name="color">Brown</attribute>
      <attribute name="Shape">Sit</attribute>
    </box>
  </image>
  <image id="49" name="Br_so_0050.png" width="640" height="640">
    <box label="갈색 고양이" source="manual" occluded="0" xtl="150.41" ytl="238.55" xbr="308.84" ybr="465.36" z_order="0">
      <attribute name="color">Brown</attribute>
      <attribute name="Shape">Sit</attribute>
    </box>
  </image>
  <image id="50" name="Br_so_0051.png" width="640" height="640">
    <box label="갈색 고양이" source="manual" occluded="0" xtl="235.75" ytl="173.43" xbr="400.91" ybr="472.10" z_order="0">
      <attribute name="color">Brown</attribute>
      <attribute name="Shape">Sit</attribute>
    </box>
  </image>
  <image id="51" name="Br_so_0052.png" width="640" height="640">
    <box label="갈색 고양이" source="manual" occluded="0" xtl="239.12" ytl="211.61" xbr="373.96" ybr="449.64" z_order="0">
      <attribute name="color">Brown</attribute>
      <attribute name="Shape">Sit</attribute>
    </box>
  </image>
  <image id="52" name="Br_so_0053.png" width="640" height="640">
    <box label="갈색 고양이" source="manual" occluded="0" xtl="120.10" ytl="180.17" xbr="478.39" ybr="460.87" z_order="0">
      <attribute name="color">Brown</attribute>
      <attribute name="Shape">Lie</attribute>
    </box>
  </image>
  <image id="53" name="Br_so_0054.png" width="640" height="640">
    <box label="갈색 고양이" source="manual" occluded="0" xtl="130.32" ytl="188.03" xbr="560.35" ybr="455.26" z_order="0">
      <attribute name="color">Brown</attribute>
      <attribute name="Shape">Lie</attribute>
    </box>
  </image>
  <image id="54" name="Br_so_0055.png" width="640" height="640">
    <box label="갈색 고양이" source="manual" occluded="0" xtl="128.00" ytl="244.73" xbr="490.62" ybr="435.00" z_order="0">
      <attribute name="color">Brown</attribute>
      <attribute name="Shape">Lie</attribute>
    </box>
  </image>
  <image id="55" name="Br_so_0056.png" width="640" height="640">
    <box label="갈색 고양이" source="manual" occluded="0" xtl="141.43" ytl="181.85" xbr="461.43" ybr="459.19" z_order="0">
      <attribute name="color">Brown</attribute>
      <attribute name="Shape">Lie</attribute>
    </box>
  </image>
  <image id="56" name="Br_so_0057.png" width="640" height="640">
    <box label="갈색 고양이" source="manual" occluded="0" xtl="220.19" ytl="186.08" xbr="417.72" ybr="479.13" z_order="0">
      <attribute name="color">Brown</attribute>
      <attribute name="Shape">Sit</attribute>
    </box>
  </image>
  <image id="57" name="Br_so_0058.png" width="640" height="640">
    <box label="갈색 고양이" source="manual" occluded="0" xtl="89.59" ytl="203.62" xbr="546.38" ybr="435.59" z_order="0">
      <attribute name="color">Brown</attribute>
      <attribute name="Shape">Lie</attribute>
    </box>
  </image>
  <image id="58" name="Br_so_0059.png" width="640" height="640">
    <box label="갈색 고양이" source="manual" occluded="0" xtl="189.00" ytl="197.78" xbr="458.66" ybr="455.74" z_order="0">
      <attribute name="color">Brown</attribute>
      <attribute name="Shape">Stand</attribute>
    </box>
  </image>
  <image id="59" name="Br_so_0060.png" width="640" height="640">
    <box label="갈색 고양이" source="manual" occluded="0" xtl="213.63" ytl="229.62" xbr="436.57" ybr="442.74" z_order="0">
      <attribute name="color">Brown</attribute>
      <attribute name="Shape">Lie</attribute>
    </box>
  </image>
  <image id="60" name="Br_so_0061.png" width="640" height="640">
    <box label="갈색 고양이" source="manual" occluded="0" xtl="181.21" ytl="215.32" xbr="549.63" ybr="400.51" z_order="0">
      <attribute name="color">Brown</attribute>
      <attribute name="Shape">Lie</attribute>
    </box>
  </image>
  <image id="61" name="Br_so_0062.png" width="640" height="640">
    <box label="갈색 고양이" source="manual" occluded="0" xtl="237.02" ytl="169.19" xbr="399.53" ybr="467.43" z_order="0">
      <attribute name="color">Brown</attribute>
      <attribute name="Shape">Sit</attribute>
    </box>
  </image>
  <image id="62" name="Br_so_0063.png" width="640" height="640">
    <box label="갈색 고양이" source="manual" occluded="0" xtl="94.14" ytl="183.48" xbr="559.38" ybr="467.43" z_order="0">
      <attribute name="color">Brown</attribute>
      <attribute name="Shape">Lie</attribute>
    </box>
  </image>
  <image id="63" name="Br_so_0064.png" width="640" height="640">
    <box label="갈색 고양이" source="manual" occluded="0" xtl="156.52" ytl="179.58" xbr="285.82" ybr="468.08" z_order="0">
      <attribute name="color">Brown</attribute>
      <attribute name="Shape">Sit</attribute>
    </box>
  </image>
  <image id="64" name="Br_so_0065.png" width="640" height="640">
    <box label="갈색 고양이" source="manual" occluded="0" xtl="177.31" ytl="190.63" xbr="452.81" ybr="431.05" z_order="0">
      <attribute name="color">Brown</attribute>
      <attribute name="Shape">Lie</attribute>
    </box>
  </image>
  <image id="65" name="Br_so_0066.png" width="640" height="640">
    <box label="갈색 고양이" source="manual" occluded="0" xtl="222.14" ytl="190.63" xbr="444.36" ybr="460.90" z_order="0">
      <attribute name="color">Brown</attribute>
      <attribute name="Shape">Sit</attribute>
    </box>
  </image>
  <image id="66" name="Br_so_0067.png" width="640" height="640">
    <box label="갈색 고양이" source="manual" occluded="0" xtl="193.55" ytl="208.12" xbr="432.89" ybr="463.16" z_order="0">
      <attribute name="color">Brown</attribute>
      <attribute name="Shape">Sit</attribute>
    </box>
  </image>
  <image id="67" name="Br_so_0068.png" width="640" height="640">
    <box label="갈색 고양이" source="manual" occluded="0" xtl="293.19" ytl="183.75" xbr="516.27" ybr="453.41" z_order="0">
      <attribute name="color">Brown</attribute>
      <attribute name="Shape">Sit</attribute>
    </box>
  </image>
  <image id="68" name="Br_so_0069.png" width="640" height="640">
    <box label="갈색 고양이" source="manual" occluded="0" xtl="97.71" ytl="214.62" xbr="452.92" ybr="448.54" z_order="0">
      <attribute name="color">Brown</attribute>
      <attribute name="Shape">Lie</attribute>
    </box>
  </image>
  <image id="69" name="Br_so_0070.png" width="640" height="640">
    <box label="갈색 고양이" source="manual" occluded="0" xtl="176.23" ytl="196.21" xbr="443.18" ybr="444.75" z_order="0">
      <attribute name="color">Brown</attribute>
      <attribute name="Shape">Lie</attribute>
    </box>
  </image>
  <image id="70" name="Br_so_0071.png" width="640" height="640">
    <box label="갈색 고양이" source="manual" occluded="0" xtl="152.94" ytl="174.55" xbr="428.56" ybr="459.37" z_order="0">
      <attribute name="color">Brown</attribute>
      <attribute name="Shape">Lie</attribute>
    </box>
  </image>
  <image id="71" name="Br_so_0072.png" width="640" height="640">
    <box label="갈색 고양이" source="manual" occluded="0" xtl="91.22" ytl="176.17" xbr="557.97" ybr="458.82" z_order="0">
      <attribute name="color">Brown</attribute>
      <attribute name="Shape">Lie</attribute>
    </box>
  </image>
  <image id="72" name="Br_so_0073.png" width="640" height="640">
    <box label="갈색 고양이" source="manual" occluded="0" xtl="194.00" ytl="163.72" xbr="450.76" ybr="472.00" z_order="0">
      <attribute name="color">Brown</attribute>
      <attribute name="Shape">Sit</attribute>
    </box>
  </image>
  <image id="73" name="Br_so_0074.png" width="640" height="640">
    <box label="갈색 고양이" source="manual" occluded="0" xtl="131.80" ytl="166.91" xbr="490.43" ybr="480.20" z_order="0">
      <attribute name="color">Brown</attribute>
      <attribute name="Shape">Sit</attribute>
    </box>
  </image>
  <image id="74" name="Br_so_0075.png" width="640" height="640">
    <box label="갈색 고양이" source="manual" occluded="0" xtl="183.70" ytl="170.81" xbr="490.43" ybr="471.66" z_order="0">
      <attribute name="color">Brown</attribute>
      <attribute name="Shape">Sit</attribute>
    </box>
  </image>
</annotations>
