<?xml version="1.0" encoding="utf-8"?>
<annotations>
  <version>1.1</version>
  <meta>
    <job>
      <id>1290544</id>
      <size>75</size>
      <mode>annotation</mode>
      <overlap>0</overlap>
      <bugtracker></bugtracker>
      <created>2024-10-07 04:54:24.642449+00:00</created>
      <updated>2024-10-07 05:15:39.411753+00:00</updated>
      <subset>default</subset>
      <start_frame>0</start_frame>
      <stop_frame>74</stop_frame>
      <frame_filter></frame_filter>
      <segments>
        <segment>
          <id>1292936</id>
          <start>0</start>
          <stop>74</stop>
          <url>https://app.cvat.ai/api/jobs/1290544</url>
        </segment>
      </segments>
      <owner>
        <username>03322</username>
        <email>kanda070711@gmail.com</email>
      </owner>
      <assignee></assignee>
      <labels>
        <label>
          <name>갈색 고양이</name>
          <color>#ff6037</color>
          <type>any</type>
          <attributes>
            <attribute>
              <name>color</name>
              <mutable>False</mutable>
              <input_type>select</input_type>
              <default_value>Brown</default_value>
              <values>Brown</values>
            </attribute>
            <attribute>
              <name>Shape</name>
              <mutable>False</mutable>
              <input_type>select</input_type>
              <default_value>Stand</default_value>
              <values>Stand
sit
Lie</values>
            </attribute>
          </attributes>
        </label>
      </labels>
    </job>
    <dumped>2024-10-07 05:15:55.008128+00:00</dumped>
  </meta>
  <image id="0" name="M_B_0.png" width="358" height="320">
    <box label="갈색 고양이" source="manual" occluded="0" xtl="0.46" ytl="0.00" xbr="340.67" ybr="310.47" z_order="0">
      <attribute name="color">Brown</attribute>
      <attribute name="Shape">Stand</attribute>
    </box>
  </image>
  <image id="1" name="M_B_1.png" width="480" height="270">
    <box label="갈색 고양이" source="manual" occluded="0" xtl="90.77" ytl="23.20" xbr="369.30" ybr="222.17" z_order="0">
      <attribute name="color">Brown</attribute>
      <attribute name="Shape">Lie</attribute>
    </box>
  </image>
  <image id="2" name="M_B_10.png" width="297" height="320">
    <box label="갈색 고양이" source="manual" occluded="0" xtl="43.24" ytl="12.36" xbr="258.82" ybr="313.84" z_order="0">
      <attribute name="color">Brown</attribute>
      <attribute name="Shape">sit</attribute>
    </box>
  </image>
  <image id="3" name="M_B_11.png" width="361" height="320">
    <box label="갈색 고양이" source="manual" occluded="0" xtl="39.31" ytl="20.79" xbr="352.57" ybr="299.24" z_order="0">
      <attribute name="color">Brown</attribute>
      <attribute name="Shape">Stand</attribute>
    </box>
  </image>
  <image id="4" name="M_B_12.png" width="323" height="320">
    <box label="갈색 고양이" source="manual" occluded="0" xtl="28.93" ytl="0.00" xbr="323.00" ybr="319.28" z_order="0">
      <attribute name="color">Brown</attribute>
      <attribute name="Shape">Lie</attribute>
    </box>
  </image>
  <image id="7" name="M_B_15.png" width="353" height="320">
    <box label="갈색 고양이" source="manual" occluded="0" xtl="2.52" ytl="15.92" xbr="352.16" ybr="308.98" z_order="0">
      <attribute name="color">Brown</attribute>
      <attribute name="Shape">Lie</attribute>
    </box>
  </image>
  <image id="8" name="M_B_16.png" width="480" height="270">
    <box label="갈색 고양이" source="manual" occluded="0" xtl="32.67" ytl="24.26" xbr="444.21" ybr="213.54" z_order="0">
      <attribute name="color">Brown</attribute>
      <attribute name="Shape">Lie</attribute>
    </box>
  </image>
  <image id="9" name="M_B_17.png" width="480" height="250">
    <box label="갈색 고양이" source="manual" occluded="0" xtl="33.84" ytl="0.89" xbr="477.00" ybr="244.58" z_order="0">
      <attribute name="color">Brown</attribute>
      <attribute name="Shape">Lie</attribute>
    </box>
  </image>
  <image id="10" name="M_B_18.png" width="240" height="320">
    <box label="갈색 고양이" source="manual" occluded="0" xtl="11.68" ytl="9.19" xbr="213.79" ybr="315.71" z_order="0">
      <attribute name="color">Brown</attribute>
      <attribute name="Shape">sit</attribute>
    </box>
  </image>
  <image id="11" name="M_B_19.png" width="414" height="320">
    <box label="갈색 고양이" source="manual" occluded="0" xtl="58.70" ytl="37.08" xbr="303.25" ybr="299.81" z_order="0">
      <attribute name="color">Brown</attribute>
      <attribute name="Shape">Stand</attribute>
    </box>
  </image>
  <image id="12" name="M_B_2.png" width="455" height="320">
    <box label="갈색 고양이" source="manual" occluded="0" xtl="100.40" ytl="58.64" xbr="342.93" ybr="301.84" z_order="0">
      <attribute name="color">Brown</attribute>
      <attribute name="Shape">sit</attribute>
    </box>
  </image>
  <image id="13" name="M_B_20.png" width="427" height="320">
    <box label="갈색 고양이" source="manual" occluded="0" xtl="25.22" ytl="64.70" xbr="382.95" ybr="309.25" z_order="0">
      <attribute name="color">Brown</attribute>
      <attribute name="Shape">Lie</attribute>
    </box>
  </image>
  <image id="14" name="M_B_21.png" width="480" height="320">
    <box label="갈색 고양이" source="manual" occluded="0" xtl="65.51" ytl="14.91" xbr="332.96" ybr="314.70" z_order="0">
      <attribute name="color">Brown</attribute>
      <attribute name="Shape">sit</attribute>
    </box>
  </image>
  <image id="15" name="M_B_22.png" width="480" height="320">
    <box label="갈색 고양이" source="manual" occluded="0" xtl="50.82" ytl="3.38" xbr="422.47" ybr="313.28" z_order="0">
      <attribute name="color">Brown</attribute>
      <attribute name="Shape">Stand</attribute>
    </box>
  </image>
  <image id="16" name="M_B_23.png" width="165" height="320">
    <box label="갈색 고양이" source="manual" occluded="0" xtl="2.48" ytl="7.87" xbr="153.50" ybr="303.73" z_order="0">
      <attribute name="color">Brown</attribute>
      <attribute name="Shape">Stand</attribute>
    </box>
  </image>
  <image id="17" name="M_B_24.png" width="480" height="315">
    <box label="갈색 고양이" source="manual" occluded="0" xtl="67.04" ytl="12.44" xbr="407.46" ybr="298.15" z_order="0">
      <attribute name="color">Brown</attribute>
      <attribute name="Shape">sit</attribute>
    </box>
  </image>
  <image id="18" name="M_B_25.png" width="365" height="320">
    <box label="갈색 고양이" source="manual" occluded="0" xtl="16.07" ytl="8.43" xbr="355.16" ybr="311.59" z_order="0">
      <attribute name="color">Brown</attribute>
      <attribute name="Shape">Lie</attribute>
    </box>
  </image>
  <image id="20" name="M_B_27.png" width="427" height="320">
    <box label="갈색 고양이" source="manual" occluded="0" xtl="112.18" ytl="26.96" xbr="345.73" ybr="278.47" z_order="0">
      <attribute name="color">Brown</attribute>
      <attribute name="Shape">sit</attribute>
    </box>
  </image>
  <image id="21" name="M_B_28.png" width="480" height="300">
    <box label="갈색 고양이" source="manual" occluded="0" xtl="120.00" ytl="3.68" xbr="389.47" ybr="295.26" z_order="0">
      <attribute name="color">Brown</attribute>
      <attribute name="Shape">sit</attribute>
    </box>
  </image>
  <image id="22" name="M_B_29.png" width="480" height="270">
    <box label="갈색 고양이" source="manual" occluded="0" xtl="108.04" ytl="14.65" xbr="342.80" ybr="270.00" z_order="0">
      <attribute name="color">Brown</attribute>
      <attribute name="Shape">sit</attribute>
    </box>
  </image>
  <image id="23" name="M_B_3.png" width="480" height="283">
    <box label="갈색 고양이" source="manual" occluded="0" xtl="52.34" ytl="79.30" xbr="447.05" ybr="232.22" z_order="0">
      <attribute name="color">Brown</attribute>
      <attribute name="Shape">Lie</attribute>
    </box>
  </image>
  <image id="24" name="M_B_30.png" width="480" height="270">
    <box label="갈색 고양이" source="manual" occluded="0" xtl="67.09" ytl="44.16" xbr="443.67" ybr="270.00" z_order="0">
      <attribute name="color">Brown</attribute>
      <attribute name="Shape">Lie</attribute>
    </box>
  </image>
  <image id="25" name="M_B_31.png" width="427" height="320">
    <box label="갈색 고양이" source="manual" occluded="0" xtl="75.69" ytl="30.44" xbr="405.80" ybr="304.41" z_order="0">
      <attribute name="color">Brown</attribute>
      <attribute name="Shape">sit</attribute>
    </box>
  </image>
  <image id="26" name="M_B_32.png" width="480" height="301">
    <box label="갈색 고양이" source="manual" occluded="0" xtl="246.34" ytl="18.32" xbr="379.42" ybr="296.62" z_order="0">
      <attribute name="color">Brown</attribute>
      <attribute name="Shape">sit</attribute>
    </box>
  </image>
  <image id="27" name="M_B_33.png" width="436" height="320">
    <box label="갈색 고양이" source="manual" occluded="0" xtl="21.50" ytl="24.83" xbr="347.13" ybr="320.00" z_order="0">
      <attribute name="color">Brown</attribute>
      <attribute name="Shape">Lie</attribute>
    </box>
  </image>
  <image id="28" name="M_B_34.png" width="480" height="306">
    <box label="갈색 고양이" source="manual" occluded="0" xtl="55.84" ytl="20.51" xbr="390.29" ybr="275.51" z_order="0">
      <attribute name="color">Brown</attribute>
      <attribute name="Shape">sit</attribute>
    </box>
  </image>
  <image id="29" name="M_B_35.png" width="480" height="319">
    <box label="갈색 고양이" source="manual" occluded="0" xtl="71.89" ytl="18.84" xbr="442.61" ybr="298.89" z_order="0">
      <attribute name="color">Brown</attribute>
      <attribute name="Shape">sit</attribute>
    </box>
  </image>
  <image id="30" name="M_B_36.png" width="427" height="320">
    <box label="갈색 고양이" source="manual" occluded="0" xtl="95.96" ytl="12.76" xbr="341.18" ybr="310.53" z_order="0">
      <attribute name="color">Brown</attribute>
      <attribute name="Shape">sit</attribute>
    </box>
  </image>
  <image id="31" name="M_B_37.png" width="480" height="320">
    <box label="갈색 고양이" source="manual" occluded="0" xtl="58.77" ytl="62.61" xbr="471.74" ybr="315.92" z_order="0">
      <attribute name="color">Brown</attribute>
      <attribute name="Shape">Lie</attribute>
    </box>
  </image>
  <image id="32" name="M_B_38.png" width="316" height="320">
    <box label="갈색 고양이" source="manual" occluded="0" xtl="45.50" ytl="35.66" xbr="284.66" ybr="297.05" z_order="0">
      <attribute name="color">Brown</attribute>
      <attribute name="Shape">sit</attribute>
    </box>
  </image>
  <image id="33" name="M_B_39.png" width="480" height="270">
    <box label="갈색 고양이" source="manual" occluded="0" xtl="20.56" ytl="8.46" xbr="453.70" ybr="250.60" z_order="0">
      <attribute name="color">Brown</attribute>
      <attribute name="Shape">sit</attribute>
    </box>
  </image>
  <image id="34" name="M_B_4.png" width="320" height="320">
    <box label="갈색 고양이" source="manual" occluded="0" xtl="18.28" ytl="0.09" xbr="281.69" ybr="320.00" z_order="0">
      <attribute name="color">Brown</attribute>
      <attribute name="Shape">sit</attribute>
    </box>
  </image>
  <image id="35" name="M_B_40.png" width="480" height="320">
    <box label="갈색 고양이" source="manual" occluded="0" xtl="90.91" ytl="99.80" xbr="308.51" ybr="283.04" z_order="0">
      <attribute name="color">Brown</attribute>
      <attribute name="Shape">sit</attribute>
    </box>
  </image>
  <image id="36" name="M_B_41.png" width="480" height="300">
    <box label="갈색 고양이" source="manual" occluded="0" xtl="44.02" ytl="53.81" xbr="437.49" ybr="262.23" z_order="0">
      <attribute name="color">Brown</attribute>
      <attribute name="Shape">Lie</attribute>
    </box>
  </image>
  <image id="37" name="M_B_42.png" width="229" height="320">
    <box label="갈색 고양이" source="manual" occluded="0" xtl="66.79" ytl="27.04" xbr="182.66" ybr="306.62" z_order="0">
      <attribute name="color">Brown</attribute>
      <attribute name="Shape">Stand</attribute>
    </box>
  </image>
  <image id="38" name="M_B_43.png" width="222" height="320">
    <box label="갈색 고양이" source="manual" occluded="0" xtl="25.22" ytl="11.55" xbr="203.07" ybr="314.03" z_order="0">
      <attribute name="color">Brown</attribute>
      <attribute name="Shape">sit</attribute>
    </box>
  </image>
  <image id="39" name="M_B_44.png" width="479" height="320">
    <box label="갈색 고양이" source="manual" occluded="0" xtl="18.62" ytl="42.53" xbr="463.92" ybr="299.21" z_order="0">
      <attribute name="color">Brown</attribute>
      <attribute name="Shape">Lie</attribute>
    </box>
  </image>
  <image id="40" name="M_B_45.png" width="480" height="260">
    <box label="갈색 고양이" source="manual" occluded="0" xtl="22.51" ytl="8.83" xbr="417.17" ybr="253.50" z_order="0">
      <attribute name="color">Brown</attribute>
      <attribute name="Shape">Lie</attribute>
    </box>
  </image>
  <image id="41" name="M_B_46.png" width="480" height="320">
    <box label="갈색 고양이" source="manual" occluded="0" xtl="155.58" ytl="27.71" xbr="371.16" ybr="270.91" z_order="0">
      <attribute name="color">Brown</attribute>
      <attribute name="Shape">sit</attribute>
    </box>
  </image>
  <image id="42" name="M_B_47.png" width="480" height="306">
    <box label="갈색 고양이" source="manual" occluded="0" xtl="113.52" ytl="15.60" xbr="303.56" ybr="270.70" z_order="0">
      <attribute name="color">Brown</attribute>
      <attribute name="Shape">sit</attribute>
    </box>
  </image>
  <image id="43" name="M_B_48.png" width="434" height="320">
    <box label="갈색 고양이" source="manual" occluded="0" xtl="129.84" ytl="19.63" xbr="362.27" ybr="299.21" z_order="0">
      <attribute name="color">Brown</attribute>
      <attribute name="Shape">sit</attribute>
    </box>
  </image>
  <image id="44" name="M_B_49.png" width="427" height="320">
    <box label="갈색 고양이" source="manual" occluded="0" xtl="45.84" ytl="80.93" xbr="202.80" ybr="303.25" z_order="0">
      <attribute name="color">Brown</attribute>
      <attribute name="Shape">sit</attribute>
    </box>
  </image>
  <image id="46" name="M_B_50.png" width="213" height="320">
    <box label="갈색 고양이" source="manual" occluded="0" xtl="23.74" ytl="10.87" xbr="187.44" ybr="308.64" z_order="0">
      <attribute name="color">Brown</attribute>
      <attribute name="Shape">sit</attribute>
    </box>
  </image>
  <image id="47" name="M_B_51.png" width="292" height="320">
    <box label="갈색 고양이" source="manual" occluded="0" xtl="68.94" ytl="53.31" xbr="190.21" ybr="287.08" z_order="0">
      <attribute name="color">Brown</attribute>
      <attribute name="Shape">sit</attribute>
    </box>
  </image>
  <image id="48" name="M_B_52.png" width="480" height="320">
    <box label="갈색 고양이" source="manual" occluded="0" xtl="43.75" ytl="19.63" xbr="400.13" ybr="298.53" z_order="0">
      <attribute name="color">Brown</attribute>
      <attribute name="Shape">Stand</attribute>
    </box>
  </image>
  <image id="49" name="M_B_53.png" width="480" height="319">
    <box label="갈색 고양이" source="manual" occluded="0" xtl="52.42" ytl="27.30" xbr="479.54" ybr="297.28" z_order="0">
      <attribute name="color">Brown</attribute>
      <attribute name="Shape">Lie</attribute>
    </box>
  </image>
  <image id="50" name="M_B_54.png" width="480" height="319">
    <box label="갈색 고양이" source="manual" occluded="0" xtl="50.40" ytl="87.07" xbr="413.06" ybr="273.10" z_order="0">
      <attribute name="color">Brown</attribute>
      <attribute name="Shape">Lie</attribute>
    </box>
  </image>
  <image id="51" name="M_B_55.png" width="480" height="320">
    <box label="갈색 고양이" source="manual" occluded="0" xtl="61.94" ytl="23.00" xbr="377.89" ybr="298.53" z_order="0">
      <attribute name="color">Brown</attribute>
      <attribute name="Shape">sit</attribute>
    </box>
  </image>
  <image id="52" name="M_B_56.png" width="213" height="320">
    <box label="갈색 고양이" source="manual" occluded="0" xtl="11.61" ytl="29.73" xbr="205.63" ybr="316.72" z_order="0">
      <attribute name="color">Brown</attribute>
      <attribute name="Shape">sit</attribute>
    </box>
  </image>
  <image id="53" name="M_B_57.png" width="480" height="230">
    <box label="갈색 고양이" source="manual" occluded="0" xtl="12.02" ytl="8.39" xbr="468.65" ybr="230.00" z_order="0">
      <attribute name="color">Brown</attribute>
      <attribute name="Shape">Lie</attribute>
    </box>
  </image>
  <image id="54" name="M_B_58.png" width="320" height="320">
    <box label="갈색 고양이" source="manual" occluded="0" xtl="30.41" ytl="37.82" xbr="299.88" ybr="295.17" z_order="0">
      <attribute name="color">Brown</attribute>
      <attribute name="Shape">Stand</attribute>
    </box>
  </image>
  <image id="55" name="M_B_59.png" width="426" height="320">
    <box label="갈색 고양이" source="manual" occluded="0" xtl="75.34" ytl="68.13" xbr="331.34" ybr="283.71" z_order="0">
      <attribute name="color">Brown</attribute>
      <attribute name="Shape">Lie</attribute>
    </box>
  </image>
  <image id="56" name="M_B_6.png" width="480" height="320">
    <box label="갈색 고양이" source="manual" occluded="0" xtl="32.29" ytl="25.02" xbr="455.37" ybr="254.75" z_order="0">
      <attribute name="color">Brown</attribute>
      <attribute name="Shape">sit</attribute>
    </box>
  </image>
  <image id="57" name="M_B_60.png" width="480" height="251">
    <box label="갈색 고양이" source="manual" occluded="0" xtl="104.02" ytl="18.84" xbr="470.22" ybr="205.37" z_order="0">
      <attribute name="color">Brown</attribute>
      <attribute name="Shape">Lie</attribute>
    </box>
  </image>
  <image id="58" name="M_B_61.png" width="227" height="320">
    <box label="갈색 고양이" source="manual" occluded="0" xtl="34.11" ytl="10.87" xbr="191.08" ybr="307.97" z_order="0">
      <attribute name="color">Brown</attribute>
      <attribute name="Shape">sit</attribute>
    </box>
  </image>
  <image id="59" name="M_B_62.png" width="480" height="295">
    <box label="갈색 고양이" source="manual" occluded="0" xtl="14.49" ytl="6.54" xbr="480.00" ybr="295.00" z_order="0">
      <attribute name="color">Brown</attribute>
      <attribute name="Shape">Lie</attribute>
    </box>
  </image>
  <image id="60" name="M_B_63.png" width="410" height="320">
    <box label="갈색 고양이" source="manual" occluded="0" xtl="41.25" ytl="16.19" xbr="173.97" ybr="305.88" z_order="0">
      <attribute name="color">Brown</attribute>
      <attribute name="Shape">sit</attribute>
    </box>
  </image>
  <image id="61" name="M_B_64.png" width="462" height="320">
    <box label="갈색 고양이" source="manual" occluded="0" xtl="88.82" ytl="32.36" xbr="366.37" ybr="270.85" z_order="0">
      <attribute name="color">Brown</attribute>
      <attribute name="Shape">Lie</attribute>
    </box>
  </image>
  <image id="62" name="M_B_65.png" width="480" height="300">
    <box label="갈색 고양이" source="manual" occluded="0" xtl="142.67" ytl="22.17" xbr="360.57" ybr="291.22" z_order="0">
      <attribute name="color">Brown</attribute>
      <attribute name="Shape">sit</attribute>
    </box>
  </image>
  <image id="63" name="M_B_66.png" width="480" height="300">
    <box label="갈색 고양이" source="manual" occluded="0" xtl="113.62" ytl="39.22" xbr="351.73" ybr="291.85" z_order="0">
      <attribute name="color">Brown</attribute>
      <attribute name="Shape">Stand</attribute>
    </box>
  </image>
  <image id="64" name="M_B_67.png" width="480" height="270">
    <box label="갈색 고양이" source="manual" occluded="0" xtl="216.10" ytl="0.00" xbr="435.51" ybr="266.07" z_order="0">
      <attribute name="color">Brown</attribute>
      <attribute name="Shape">sit</attribute>
    </box>
  </image>
  <image id="65" name="M_B_68.png" width="480" height="320">
    <box label="갈색 고양이" source="manual" occluded="0" xtl="17.61" ytl="57.96" xbr="370.62" ybr="289.71" z_order="0">
      <attribute name="color">Brown</attribute>
      <attribute name="Shape">sit</attribute>
    </box>
  </image>
  <image id="66" name="M_B_69.png" width="480" height="250">
    <box label="갈색 고양이" source="manual" occluded="0" xtl="93.63" ytl="1.11" xbr="363.11" ybr="250.00" z_order="0">
      <attribute name="color">Brown</attribute>
      <attribute name="Shape">Lie</attribute>
    </box>
  </image>
  <image id="67" name="M_B_7.png" width="480" height="320">
    <box label="갈색 고양이" source="manual" occluded="0" xtl="0.00" ytl="20.24" xbr="454.16" ybr="287.01" z_order="0">
      <attribute name="color">Brown</attribute>
      <attribute name="Shape">Lie</attribute>
    </box>
  </image>
  <image id="68" name="M_B_70.png" width="444" height="320">
    <box label="갈색 고양이" source="manual" occluded="0" xtl="57.56" ytl="15.52" xbr="336.46" ybr="311.94" z_order="0">
      <attribute name="color">Brown</attribute>
      <attribute name="Shape">Lie</attribute>
    </box>
  </image>
  <image id="69" name="M_B_71.png" width="479" height="320">
    <box label="갈색 고양이" source="manual" occluded="0" xtl="10.06" ytl="14.85" xbr="479.00" ybr="300.49" z_order="0">
      <attribute name="color">Brown</attribute>
      <attribute name="Shape">Lie</attribute>
    </box>
  </image>
  <image id="70" name="M_B_72.png" width="277" height="320">
    <box label="갈색 고양이" source="manual" occluded="0" xtl="10.80" ytl="4.74" xbr="270.17" ybr="311.27" z_order="0">
      <attribute name="color">Brown</attribute>
      <attribute name="Shape">sit</attribute>
    </box>
  </image>
  <image id="71" name="M_B_73.png" width="431" height="320">
    <box label="갈색 고양이" source="manual" occluded="0" xtl="31.22" ytl="8.78" xbr="385.57" ybr="320.00" z_order="0">
      <attribute name="color">Brown</attribute>
      <attribute name="Shape">Lie</attribute>
    </box>
  </image>
  <image id="73" name="M_B_8.png" width="335" height="320">
    <box label="갈색 고양이" source="manual" occluded="0" xtl="55.94" ytl="17.54" xbr="240.53" ybr="320.00" z_order="0">
      <attribute name="color">Brown</attribute>
      <attribute name="Shape">Stand</attribute>
    </box>
  </image>
  <image id="74" name="M_B_9.png" width="473" height="320">
    <box label="갈색 고양이" source="manual" occluded="0" xtl="69.01" ytl="9.46" xbr="358.02" ybr="283.65" z_order="0">
      <attribute name="color">Brown</attribute>
      <attribute name="Shape">Lie</attribute>
    </box>
  </image>
</annotations>
